-- phpMyAdmin SQL Dump
-- version 5.2.1
-- https://www.phpmyadmin.net/
--
-- Servidor: 127.0.0.1
-- Tiempo de generación: 12-05-2025 a las 21:08:33
-- Versión del servidor: 10.4.32-MariaDB
-- Versión de PHP: 8.0.30

SET SQL_MODE = "NO_AUTO_VALUE_ON_ZERO";
START TRANSACTION;
SET time_zone = "+00:00";


/*!40101 SET @OLD_CHARACTER_SET_CLIENT=@@CHARACTER_SET_CLIENT */;
/*!40101 SET @OLD_CHARACTER_SET_RESULTS=@@CHARACTER_SET_RESULTS */;
/*!40101 SET @OLD_COLLATION_CONNECTION=@@COLLATION_CONNECTION */;
/*!40101 SET NAMES utf8mb4 */;

--
-- Base de datos: `tfgmetro`
--
USE `tfgmetro`;

--
-- Truncar tablas antes de insertar `caracteristicas`
--

TRUNCATE TABLE `caracteristicas`;
--
-- Volcado de datos para la tabla `caracteristicas`
--

INSERT INTO `caracteristicas` (`id`, `nombre`, `descripcion`) VALUES
(1, 'limpio', 'Limpia'),
(2, 'grande', 'Grande'),
(3, 'nuevo', 'Moderna'),
(4, 'bonito', 'Bonita'),
(5, 'accesible', 'Accesible para personas con movilidad reducida'),
(6, 'intransitado', 'Poco transitada'),
(7, 'tranquilo', 'Tranquila'),
(8, 'seguro', 'Segura'),
(9, 'luminoso', 'Luminosa'),
(10, 'mecanico', 'Con escaleras mecánicas'),
(11, 'ascensor', 'Con ascensor');

--
-- Truncar tablas antes de insertar `conexiones`
--

TRUNCATE TABLE `conexiones`;
--
-- Volcado de datos para la tabla `conexiones`
--

INSERT INTO `conexiones` (`estacion_origen`, `estacion_destino`, `linea`, `tiempo`) VALUES
(1, 2, 1, 3),
(2, 3, 1, 2),
(3, 4, 1, 2),
(4, 5, 1, 2),
(5, 6, 1, 2),
(6, 7, 1, 2),
(7, 8, 1, 2),
(8, 9, 1, 2),
(9, 10, 1, 2),
(10, 11, 1, 2),
(11, 12, 1, 2),
(12, 13, 1, 2),
(13, 14, 1, 2),
(14, 15, 1, 1),
(15, 16, 1, 2),
(16, 17, 1, 2),
(17, 18, 1, 2),
(18, 19, 1, 1),
(19, 20, 1, 2),
(20, 21, 1, 2),
(21, 22, 1, 2),
(22, 23, 1, 2),
(23, 24, 1, 2),
(24, 25, 1, 1),
(25, 26, 1, 2),
(26, 27, 1, 2),
(27, 28, 1, 4),
(28, 29, 1, 2),
(29, 30, 1, 3),
(30, 31, 1, 2),
(31, 32, 1, 4),
(32, 33, 1, 2),
(9, 34, 2, 2),
(34, 35, 2, 2),
(35, 36, 2, 1),
(36, 37, 2, 2),
(37, 38, 2, 1),
(38, 39, 2, 2),
(39, 15, 2, 2),
(15, 40, 2, 1),
(40, 41, 2, 2),
(41, 42, 2, 2),
(42, 43, 2, 2),
(43, 44, 2, 2),
(44, 45, 2, 2),
(45, 46, 2, 2),
(46, 47, 2, 4),
(47, 48, 2, 3),
(48, 49, 2, 4),
(49, 50, 2, 3),
(50, 51, 2, 3),
(52, 53, 3, 1),
(53, 54, 3, 2),
(54, 55, 3, 2),
(55, 56, 3, 2),
(56, 15, 3, 2),
(15, 57, 3, 3),
(57, 58, 3, 2),
(58, 59, 3, 2),
(59, 60, 3, 2),
(60, 61, 3, 2),
(61, 62, 3, 3),
(62, 63, 3, 3),
(63, 64, 3, 2),
(64, 65, 3, 3),
(65, 66, 3, 3),
(66, 67, 3, 2),
(67, 68, 3, 5),
(68, 69, 3, 4),
(53, 36, 4, 2),
(36, 12, 4, 1),
(12, 70, 4, 1),
(70, 71, 4, 1),
(71, 72, 4, 1),
(72, 73, 4, 1),
(73, 44, 4, 1),
(44, 74, 4, 2),
(74, 75, 4, 1),
(75, 76, 4, 1),
(76, 77, 4, 2),
(77, 78, 4, 2),
(78, 79, 4, 2),
(79, 80, 4, 2),
(80, 81, 4, 2),
(81, 82, 4, 3),
(82, 83, 4, 2),
(83, 84, 4, 1),
(84, 85, 4, 2),
(85, 86, 4, 2),
(86, 87, 4, 3),
(87, 1, 4, 2),
(88, 89, 5, 2),
(89, 90, 5, 3),
(90, 91, 5, 3),
(91, 92, 5, 2),
(92, 93, 5, 3),
(93, 94, 5, 2),
(94, 95, 5, 2),
(95, 96, 5, 2),
(96, 46, 5, 2),
(46, 75, 5, 3),
(75, 97, 5, 2),
(97, 98, 5, 2),
(98, 70, 5, 2),
(70, 99, 5, 2),
(99, 14, 5, 2),
(14, 56, 5, 1),
(56, 39, 5, 2),
(39, 100, 5, 2),
(100, 101, 5, 2),
(101, 58, 5, 4),
(58, 102, 5, 2),
(102, 103, 5, 2),
(103, 104, 5, 2),
(104, 105, 5, 2),
(105, 106, 5, 2),
(106, 107, 5, 2),
(107, 108, 5, 2),
(108, 109, 5, 3),
(109, 110, 5, 2),
(110, 111, 5, 2),
(111, 112, 5, 4),
(113, 114, 6, 2),
(114, 105, 6, 3),
(105, 115, 6, 2),
(115, 116, 6, 2),
(116, 117, 6, 3),
(117, 61, 6, 3),
(61, 118, 6, 2),
(118, 119, 6, 2),
(119, 21, 6, 2),
(21, 120, 6, 2),
(120, 121, 6, 2),
(121, 122, 6, 2),
(122, 45, 6, 2),
(45, 75, 6, 2),
(75, 76, 6, 2),
(76, 123, 6, 3),
(123, 124, 6, 3),
(124, 9, 6, 2),
(9, 125, 6, 2),
(125, 126, 6, 2),
(126, 127, 6, 2),
(127, 52, 6, 4),
(52, 53, 6, 1),
(53, 128, 6, 4),
(128, 129, 6, 3),
(129, 130, 6, 3),
(130, 131, 6, 3),
(131, 113, 6, 2),
(132, 133, 7, 2),
(133, 134, 7, 2),
(134, 135, 7, 2),
(135, 136, 7, 2),
(136, 137, 7, 2),
(137, 138, 7, 2),
(138, 139, 7, 5),
(139, 140, 7, 3),
(140, 141, 7, 2),
(141, 142, 7, 2),
(142, 143, 7, 2),
(143, 144, 7, 2),
(144, 94, 7, 2),
(94, 145, 7, 3),
(145, 146, 7, 2),
(146, 147, 7, 2),
(147, 76, 7, 2),
(76, 148, 7, 3),
(148, 149, 7, 2),
(149, 34, 7, 2),
(34, 150, 7, 2),
(150, 125, 7, 3),
(125, 151, 7, 3),
(151, 152, 7, 3),
(152, 153, 7, 2),
(153, 154, 7, 2),
(154, 155, 7, 2),
(155, 156, 7, 2),
(156, 157, 7, 2),
(157, 158, 7, 2),
(124, 159, 8, 3),
(159, 160, 8, 4),
(160, 83, 8, 2),
(83, 161, 8, 3),
(161, 162, 8, 5),
(162, 163, 8, 2),
(163, 164, 8, 3),
(165, 166, 9, 3),
(166, 167, 9, 6),
(167, 168, 9, 2),
(168, 169, 9, 3),
(169, 4, 9, 2),
(4, 170, 9, 1),
(170, 171, 9, 1),
(171, 159, 9, 2),
(159, 172, 9, 2),
(172, 173, 9, 2),
(173, 76, 9, 2),
(76, 97, 9, 1),
(97, 43, 9, 2),
(43, 174, 9, 2),
(174, 121, 9, 2),
(121, 175, 9, 2),
(175, 176, 9, 2),
(176, 177, 9, 2),
(177, 178, 9, 2),
(178, 179, 9, 3),
(179, 180, 9, 3),
(180, 181, 9, 1),
(181, 182, 9, 2),
(182, 183, 9, 7),
(183, 184, 9, 4),
(184, 185, 9, 2),
(185, 186, 9, 4),
(186, 187, 9, 4),
(188, 189, 10, 3),
(189, 190, 10, 2),
(190, 191, 10, 1),
(191, 192, 10, 3),
(192, 193, 10, 3),
(193, 194, 10, 3),
(194, 195, 10, 3),
(195, 196, 10, 2),
(196, 197, 10, 6),
(197, 198, 10, 1),
(198, 199, 10, 2),
(199, 200, 10, 3),
(200, 3, 10, 2),
(3, 4, 10, 2),
(4, 201, 10, 2),
(201, 202, 10, 1),
(202, 124, 10, 2),
(124, 148, 10, 2),
(148, 70, 10, 2),
(70, 13, 10, 1),
(13, 55, 10, 2),
(55, 128, 10, 1),
(128, 203, 10, 3),
(203, 204, 10, 4),
(204, 112, 10, 2),
(112, 205, 10, 2),
(205, 206, 10, 4),
(206, 207, 10, 2),
(207, 208, 10, 7),
(208, 209, 10, 1),
(116, 210, 11, 2),
(210, 211, 11, 1),
(211, 212, 11, 1),
(212, 213, 11, 3),
(213, 214, 11, 2),
(214, 215, 11, 5),
(209, 216, 12, 1),
(216, 217, 12, 2),
(217, 218, 12, 2),
(218, 219, 12, 4),
(219, 220, 12, 2),
(220, 221, 12, 1),
(221, 222, 12, 1),
(222, 223, 12, 2),
(223, 224, 12, 4),
(224, 225, 12, 3),
(225, 226, 12, 1),
(226, 227, 12, 1),
(227, 228, 12, 2),
(228, 229, 12, 4),
(229, 230, 12, 1),
(230, 231, 12, 2),
(231, 232, 12, 2),
(232, 233, 12, 1),
(233, 69, 12, 2),
(69, 234, 12, 1),
(234, 235, 12, 2),
(235, 236, 12, 2),
(236, 237, 12, 1),
(237, 238, 12, 2),
(238, 239, 12, 2),
(239, 240, 12, 1),
(240, 241, 12, 2),
(241, 209, 12, 2),
(39, 128, 13, 3),
(1, 242, 14, 1),
(242, 243, 14, 2),
(243, 244, 14, 2),
(244, 245, 14, 1),
(245, 246, 14, 2),
(246, 247, 14, 2),
(247, 248, 14, 3),
(248, 196, 14, 2),
(205, 249, 15, 2),
(249, 250, 15, 1),
(250, 251, 15, 1),
(251, 252, 15, 2),
(252, 253, 15, 2),
(253, 254, 15, 2),
(254, 255, 15, 4),
(255, 256, 15, 1),
(256, 257, 15, 1),
(257, 258, 15, 2),
(258, 259, 15, 1),
(259, 260, 15, 1),
(205, 261, 16, 3),
(261, 262, 16, 1),
(262, 263, 16, 1),
(263, 264, 16, 2),
(264, 265, 16, 4),
(265, 266, 16, 4),
(266, 267, 16, 2),
(267, 268, 16, 1),
(268, 269, 16, 3),
(269, 270, 16, 5),
(270, 271, 16, 2),
(271, 272, 16, 2),
(272, 273, 16, 1),
(273, 274, 16, 2);

--
-- Truncar tablas antes de insertar `estaciones`
--

TRUNCATE TABLE `estaciones`;
--
-- Volcado de datos para la tabla `estaciones`
--

INSERT INTO `estaciones` (`id`, `nombre`, `direccion`, `descripcion`) VALUES
(1, 'Pinar de Chamartín', 'Calle Arturo Soria, 330', 'Pinar de Chamartín es una estación de las líneas 1 y 4 del Metro de Madrid y línea ML-1 de Metro Ligero, cabecera de las tres, situada bajo la intersección de las calles Arturo Soria y Dalia, en el barrio de Costillares del distrito de Ciudad Lineal.'),
(2, 'Bambú', 'Calle Bambú, 12', 'Bambú es una estación de la línea 1 del Metro de Madrid situada en la intersección de la calle Bambú (de la que toma su nombre) y la calle Yuca, en el distrito de Chamartín.'),
(3, 'Chamartín', 'Calle Agustín de Foxá, s/n', 'Madrid-Chamartín-Clara Campoamor es un complejo ferroviario de la ciudad de Madrid, situado en el distrito de Chamartín, en la zona norte de la capital española. Además de constituir un importante nudo ferroviario, Madrid-Chamartín funciona también como gran intercambiador de transportes, al prestar servicios de tren, metro y autobús.'),
(4, 'Plaza de Castilla', 'Paseo de la Castellana, 189', 'Plaza de Castilla es un intercambiador de transportes de Madrid en el que confluye una estación de las líneas 1, 9 y 10 del Metro de Madrid situada bajo la plaza del mismo nombre, en el límite entre los distritos de Tetuán y Chamartín.'),
(5, 'Valdeacederas', 'Calle Bravo Murillo, 297', 'Valdeacederas es una estación de la línea 1 del Metro de Madrid situada bajo la calle de Bravo Murillo, entre los cruces de esta vía con las calles Capitán Blanco Argibay y Pinos Alta, en el distrito de Tetuán.'),
(6, 'Tetuán', 'Calle Bravo Murillo, 340', 'Tetuán es una estación de la línea 1 del Metro de Madrid situada en la intersección de la calle de Bravo Murillo con la calle Marqués de Viana en el distrito de Tetuán, del que toma su nombre.'),
(7, 'Estrecho', 'Calle Bravo Murillo, 377', 'Estrecho es una estación de la línea 1 del Metro de Madrid (España) situada bajo la confluencia de las calles Bravo Murillo y Francos Rodríguez, en el distrito de Tetuán. Toma su nombre del nombre popular del barrio en el que se sitúa, llamado así en honor al Estrecho de Gibraltar que separa España de Marruecos, antiguo protectorado español.'),
(8, 'Alvarado', 'Calle Bravo Murillo, 255', 'Alvarado es una estación de la línea 1 del Metro de Madrid (España) situada bajo la calle de Bravo Murillo, entre los cruces de esta vía con las calles Juan Pantoja y Alvarado en una de sus salidas y las calles Palencia y Jaén en la otra, en el distrito de Tetuán. Recibe su nombre de la calle de Alvarado, dedicada al conquistador español Pedro de Alvarado, capitán de Hernán Cortés.'),
(9, 'Cuatro Caminos', 'Glorieta de Cuatro Caminos, s/n', 'Cuatro Caminos es una estación de las líneas 1, 2 y 6 del Metro de Madrid situada bajo la glorieta de Cuatro Caminos, en el límite entre los distritos de Chamberí y Tetuán. La estación tiene la particularidad de ser la estación más profunda del Metro de Madrid: los andenes de la línea 6 se encuentran a 45 m por debajo del nivel de la calle. En términos de profundidad absoluta (altitud con respecto al nivel del mar) no es la más profunda de la red, otras estaciones de la línea 6 se encuentran a menor altitud sobre el nivel del mar.'),
(10, 'Ríos Rosas', 'Calle Ríos Rosas, 47', 'Ríos Rosas es una estación de la línea 1 del Metro de Madrid situada bajo la calle de Santa Engracia en la inmediación del cruce con la calle de Ríos Rosas, en el distrito de Chamberí. Su nombre hace mención al jurista y político español Antonio de los Ríos Rosas.'),
(11, 'Iglesia', 'Calle Santa Engracia, 125', 'Iglesia es una estación de la línea 1 del Metro de Madrid (España), situada bajo la Glorieta del Pintor Sorolla (también conocida como Plaza de Iglesia) en el distrito de Chamberí.'),
(12, 'Bilbao', 'Glorieta de Bilbao, s/n', 'Bilbao es una estación de las líneas 1 y 4 del Metro de Madrid situada bajo la glorieta de Bilbao en el madrileño distrito de Chamberí. Su tarifa corresponde a la zona A según el Consorcio Regional de Transportes de Madrid.'),
(13, 'Tribunal', 'Calle Fuencarral, 81', 'Tribunal es una estación de las líneas 1 y 10 del Metro de Madrid (España) situada bajo la Calle de Fuencarral a la altura del cruce con la Calle Barceló, en el distrito Centro, barrio de Universidad.'),
(14, 'Gran Vía', 'Calle Gran Vía, 27', 'Gran Vía es una estación de las líneas 1 y 5 del Metro de Madrid ubicada bajo la Gran Vía, en el distrito Centro, bajo la Red de San Luis, plazuela donde confluyen la Gran Vía y las calles de Fuencarral, Hortaleza y Montera.'),
(15, 'Sol', 'Puerta del Sol, s/n', 'Sol es una estación multimodal situada bajo la céntrica Puerta del Sol de Madrid, en el barrio del mismo nombre del distrito Centro. En esta estación confluyen las líneas 1, 2 y 3 del Metro de Madrid y C-3 y C-4 de la red de Cercanías Madrid. Su zona tarifaria es la A según el Consorcio Regional de Transportes. El templete es obra del arquitecto Antonio Fernández Alba.'),
(16, 'Tirso de Molina', 'Plaza de Tirso de Molina, s/n', 'Tirso de Molina es una estación de la línea 1 del Metro de Madrid situada bajo la plaza del mismo nombre en el distrito Centro de Madrid.'),
(17, 'Antón Martín', 'Plaza de Antón Martín, s/n', 'Antón Martín es una estación de la línea 1 del Metro de Madrid situada bajo la plaza del mismo nombre, en el distrito Centro de Madrid. El nombre de la plaza se debe a Antón Martín, religioso y médico que fundó en este lugar el Hospital de San Juan de Dios. En los alrededores de esta estación se hallan el cine Doré (de la Filmoteca Española), el Teatro Monumental y la Iglesia de San Sebastián.'),
(18, 'Estación del Arte', 'Paseo del Prado, s/n', 'Estación del Arte (anteriormente Atocha) es una estación de la línea 1 del Metro de Madrid situada bajo la plaza del Emperador Carlos V, a menos de 500 m de la Estación de Atocha de Adif y Cercanías Renfe. Es la estación de Metro más cercana al paseo del Prado junto a la de Banco de España. La estación se inauguró bajo el nombre de Atocha, por la calle homónima en la que se ubica. El nombre actual viene de que se encuentra en las inmediaciones de diversos museos, en especial el Museo del Prado, el Museo Reina Sofía, el Museo Nacional Thyssen-Bornemisza y el Círculo de Bellas Artes. Está situada entre los barrios de Embajadores (Centro), Jerónimos (Retiro) y Atocha (Arganzuela).'),
(19, 'Atocha', 'Glorieta del Emperador Carlos V, s/n', 'Atocha es una estación de la línea 1 de la Red de Metro de Madrid, que se ubica bajo la Avenida de la Ciudad de Barcelona y el Paseo de la Infanta Isabel, entre los barrios de Jerónimos (distrito Retiro) y Atocha (distrito Arganzuela), dentro del intercambiador y junto a la estación de Atocha de ferrocarril, con la cual está conectada.'),
(20, 'Menéndez Pelayo', 'Avenida de Menéndez Pelayo, 67', 'Menéndez Pelayo es una estación de la línea 1 del Metro de Madrid situada bajo avenida de la Ciudad de Barcelona en la intersección con la avenida de Menéndez Pelayo, en el barrio de Pacífico (distrito de Retiro) de Madrid.'),
(21, 'Pacífico', 'Calle de Cavanilles, 5', 'Pacífico es una estación de las líneas 1 y 6 del Metro de Madrid situada bajo la confluencia de la calle del Doctor Esquerdo y la avenida de la Ciudad de Barcelona. Su nombre hace referencia a la Calle del Pacífico, antiguo nombre de la Avenida de la Ciudad de Barcelona, calle nombrada en honor de las hazañas de la armada española en las costas de China y Chile en 1865.'),
(22, 'Puente de Vallecas', 'Avenida de la Albufera, 145', 'Puente de Vallecas es una estación de la línea 1 del Metro de Madrid situada en la confluencia de la avenida de la Ciudad de Barcelona, la avenida de la Albufera y la autopista M-30, entre los distritos de Retiro y Puente de Vallecas, del que toma su nombre.'),
(23, 'Nueva Numancia', 'Avenida de la Albufera, 125', 'Nueva Numancia es una estación de la línea 1 del Metro de Madrid situada en el cruce de la avenida de la Albufera con la calle Puerto de Canfranc, en el distrito madrileño de Puente de Vallecas.'),
(24, 'Portazgo', 'Avenida de la Albufera, 99', 'Portazgo es una estación de la línea 1 del Metro de Madrid situada bajo la Avenida de la Albufera entre las intersecciones con las calles Sierra del Cadí y Teniente Muñoz Díaz, entre los barrios de Numancia y Palomeras Bajas del distrito madrileño de Puente de Vallecas.'),
(25, 'Buenos Aires', 'Avenida de la Albufera, 67', 'Buenos Aires es una estación del Metro de Madrid situada bajo la avenida de la Albufera en la intersección con la avenida de Buenos Aires, de la que toma su nombre.'),
(26, 'Alto del Arenal', 'Avenida de la Albufera, 45', 'Alto del Arenal es una estación de la línea 1 del Metro de Madrid situada bajo la avenida de la Albufera en la intersección con la avenida de Pablo Neruda, en el distrito madrileño de Puente de Vallecas. En esta estación se sitúa el Centro de Control de Metro.'),
(27, 'Miguel Hernández', 'Avenida de la Albufera, 25', 'Miguel Hernández es una estación de la línea 1 del Metro de Madrid situada bajo la avenida de la Albufera, en la intersección con la avenida de Rafael Alberti, en el madrileño distrito de Puente de Vallecas.'),
(28, 'Sierra de Guadalupe', 'Calle Sierra de Guadalupe, s/n', 'Sierra de Guadalupe es una estación de la línea 1 de Metro de Madrid situada bajo la intersección de las calles Sierra de Guadalupe y Jesús del Pino, en el límite entre los barrios de Palomeras Sureste (Puente de Vallecas) y casco histórico de Vallecas (Villa de Vallecas), bajo la estación de cercanías de Vallecas.'),
(29, 'Villa de Vallecas', 'Paseo de Federico García Lorca, 2', 'Villa de Vallecas es una estación de la línea 1 del Metro de Madrid situada bajo la plaza de Juan Malasaña, en el casco histórico del pueblo de Vallecas (distrito de Villa de Vallecas), de la que toma su nombre, en Madrid (España).'),
(30, 'Congosto', 'Calle Congosto, 1', 'Congosto es una estación de la línea 1 del Metro de Madrid situada bajo la calle de Congosto (de la que toma su nombre), entre las intersecciones con las calles Peña Sorrapia y Sierra de Mira, al sur del casco antiguo de la Villa de Vallecas, en la ciudad de Madrid (España). Esta zona era anteriormente conocida como Barrio Vilano, aunque dicha denominación está cayendo en desuso y está siendo sustituida en el habla popular por Congosto.'),
(31, 'La Gavia', 'Avenida del Ensanche de Vallecas, s/n', 'La Gavia es una estación de la línea 1 del metro de Madrid situada bajo la intersección de la avenida del Ensanche de Vallecas y la avenida de La Gavia, en el distrito de Villa de Vallecas, en Madrid.'),
(32, 'Las Suertes', 'Avenida del Ensanche de Vallecas, s/n', 'Las Suertes es una estación de la línea 1 del metro de Madrid situada bajo la confluencia de la avenida del Ensanche de Vallecas con la calle Cañada del Santísimo, en el distrito de Villa de Vallecas, en Madrid.'),
(33, 'Valdecarros', 'Avenida del Ensanche de Vallecas, s/n', 'Valdecarros es una estación de la línea 1 del Metro de Madrid (España), situada bajo la intersección de la avenida del Ensanche de Vallecas y la Gran Vía del Sureste. Es la estación de cabecera de la línea 1 por el sur de la ciudad.'),
(34, 'Canal', 'Calle de Cea Bermúdez, 1', 'Canal es una estación de las líneas 2 y 7 del Metro de Madrid situada bajo la confluencia de las calles Cea Bermúdez, José Abascal y Bravo Murillo. Su denominación viene de la proximidad del Parque del Tercer Depósito del Canal de Isabel II, así como de la sede de los Teatros del Canal.'),
(35, 'Quevedo', 'Glorieta de Quevedo, s/n', 'Quevedo es una estación de la línea 2 del Metro de Madrid situada bajo la glorieta del mismo nombre, que hace honor al escritor Francisco de Quevedo, situada en el distrito de Chamberí.'),
(36, 'San Bernardo', 'Calle de San Bernardo, 107', 'San Bernardo es una estación de las líneas 2 y 4 del Metro de Madrid situada bajo en el distrito de Chamberí bajo la glorieta de Ruiz Giménez, en la confluencia de las calles San Bernardo (de ahí su nombre), Alberto Aguilera y Carranza.'),
(37, 'Noviciado', 'Calle de San Bernardo, 63', 'Noviciado es una estación de la línea 2 del Metro de Madrid, España, situada en el distrito Centro, en el barrio de Universidad. Sus andenes se encuentran bajo la calle de San Bernardo, entre las intersecciones con la calle Noviciado (de ahí su nombre) y la calle de los Reyes. Se encuentra unida con la estación de Plaza de España a través de un túnel que posibilita el transbordo. En sus inmediaciones se encuentran el Instituto Cardenal Cisneros, la Escuela Superior de Canto de Madrid, el Ministerio de Justicia y la Escuela de Relaciones Laborales del Instituto de España. Sus andenes se inauguraron en 1924, con la creación de la línea 2 entre 1920-1926.'),
(38, 'Santo Domingo', 'Plaza de Santo Domingo, s/n', 'Santo Domingo es una estación de la línea 2 del Metro de Madrid situada bajo la calle de San Bernardo, entre la Gran Vía y la Plaza de Santo Domingo (de la que toma el nombre), en el distrito Centro.'),
(39, 'Ópera', 'Plaza de Isabel II, s/n', 'Ópera es una estación de las líneas 2, 5 y Ramal del Metro de Madrid situada bajo la Plaza de Isabel II, en el distrito Centro de Madrid. La estación permite acceder a una zona con hitos turísticos como Teatro Real, la Plaza de Oriente y el Palacio Real. El nombre de esta estación proviene de situarse junto al teatro de la ópera de Madrid, el Teatro Real.'),
(40, 'Sevilla', 'Calle de Alcalá, 13', 'Sevilla es una estación de la línea 2 del Metro de Madrid ubicada bajo la calle de Alcalá, a la altura del cruce con la calle de Sevilla, que da nombre a la estación.'),
(41, 'Banco de España', 'Plaza de Cibeles, s/n', 'Banco de España es una estación de la línea 2 del Metro de Madrid situada bajo la calle de Alcalá, junto a la plaza de Cibeles, perpendicular al paseo del Prado, entre los barrios de Justicia y Cortes (distrito Centro). También presta servicio a los barrios de Jerónimos (distrito Retiro) y Recoletos (distrito Salamanca).'),
(42, 'Retiro', 'Calle de Alcalá, 83', 'Retiro es una estación de la línea 2 del metro de Madrid ubicada entre los barrios de Recoletos (distrito Salamanca) y Jerónimos (distrito Retiro), bajo la emblemática calle de Alcalá y al lado del famoso parque del Retiro, del que toma su nombre. La estación se sitúa dentro de la corona tarifaria A del Consorcio Regional de Transportes.'),
(43, 'Príncipe de Vergara', 'Calle Príncipe de Vergara, 5', 'Príncipe de Vergara es una estación de las líneas 2 y 9 del Metro de Madrid situada bajo la intersección de la Calle de Alcalá y la calle Príncipe de Vergara (de la que toma el nombre), en el barrio de Goya (distrito Salamanca).'),
(44, 'Goya', 'Calle de Goya, 1', 'Goya es una estación de las líneas 2 y 4 del Metro de Madrid situada en el barrio homónimo en el distrito de Salamanca, bajo la confluencia de la calle Alcalá y la calle Goya, de la que toma su nombre. Dicha calle toma su nombre del pintor español Francisco de Goya. Los andenes de la línea 4 tiene copias de grabados de Goya.'),
(45, 'Manuel Becerra', 'Plaza de Manuel Becerra, s/n', 'Manuel Becerra es una estación de las líneas 2 y 6 del Metro de Madrid ubicada bajo la plaza del mismo nombre en el barrio de Guindalera en el distrito de Salamanca.'),
(46, 'Ventas', 'Calle de Alcalá, 237', 'Ventas es una estación de las líneas 2 y 5 del Metro de Madrid (España) situada bajo la calle Alcalá, dentro del madrileño distrito de Salamanca. Toma el nombre de la contigua Plaza de Toros de Las Ventas, ya que no se encuentra en el barrio de Ventas, que está al otro lado de la M-30 respecto a la estación, sino en el barrio de La Guindalera.'),
(47, 'La Elipa', 'Calle Santa Felicidad, 1', 'La Elipa es una estación de la línea 2 de Metro de Madrid ubicada bajo la avenida del Marqués de Corbera, en el barrio de Ventas, dentro del distrito madrileño de Ciudad Lineal.'),
(48, 'La Almudena', 'Calle de los Hermanos García Noblejas, 115', 'La Almudena es una estación de la línea 2 del Metro de Madrid situada en la confluencia de las calles Arriaga y Francisco Largo Caballero con la Avenida de Daroca, en el distrito de Ciudad Lineal. La estación toma su nombre del Cementerio de la Almudena situado en las inmediaciones de la estación.'),
(49, 'Alsacia', 'Avenida de Guadalajara, 26', 'Alsacia es una estación de la línea 2 del Metro de Madrid situada bajo la plaza del mismo nombre, en el distrito de San Blas-Canillejas. La inauguración de la estación tuvo lugar el 16 de marzo de 2011. La estación cuenta con un mural ilustrado por el pintor sevillano Luis Gordillo, titulado "Sueños encerrados", que cubre las paredes superiores del rellano tras los tornos y por encima de los andenes. Dicho pintor asistió a la inauguración de la estación. En las proximidades de la estación se encuentra el Centro Comercial Las Rosas.'),
(50, 'Avenida de Guadalajara', 'Avenida de Guadalajara, s/n', 'Avenida de Guadalajara es una estación de la línea 2 del Metro de Madrid situada en la confluencia de la Avenida de Guadalajara (de la que toma su nombre) con la Avenida de Canillejas a Vicálvaro, en el barrio de Arcos del distrito de San Blas-Canillejas. La inauguración de la estación tuvo lugar el 16 de marzo de 2011.'),
(51, 'Las Rosas', 'Avenida de Niza, s/n', 'Las Rosas es una estación de la línea 2 del Metro de Madrid, situada en la intersección del paseo de Ginebra con la calle Suecia, en el barrio de Rosas (distrito San Blas-Canillejas). La inauguración de la estación tuvo lugar el 16 de marzo de 2011'),
(52, 'Moncloa', 'Plaza de Moncloa, s/n', 'Moncloa es un intercambiador de transportes de Madrid en el que confluye una estación de las líneas 3 y 6 del Metro de Madrid ubicada bajo la calle Princesa, junto a la cual se encuentra una terminal subterránea de autobuses, formando todo ello un intercambiador de transportes. Lleva este nombre por encontrarse bajo la plaza de la Moncloa. Es una estación que acoge gran parte del transporte interurbano de la zona noroeste de Madrid, así como lugar de encuentro de estudiantes universitarios por la proximidad de la Universidad Complutense, facultades y centros de estudios. A la salida de la estación uno puede ver el imponente edificio del Ejército del Aire y el Arco de la Victoria.'),
(53, 'Argüelles', 'Calle de Arguelles, 76', 'Argüelles es una estación de las líneas 3, 4 y 6 del Metro de Madrid ubicada bajo el cruce de la calle de la Princesa con Marqués de Urquijo, entre los distritos de Moncloa-Aravaca y Chamberí. Su nombre hace honor al abogado y político español Agustín Argüelles.'),
(54, 'Ventura Rodríguez', 'C/ Princesa, 22', 'Ventura Rodríguez es una estación de la línea 3 del Metro de Madrid ubicada bajo la calle de la Princesa, a la altura de la intersección con la calle del mismo nombre.'),
(55, 'Plaza de España', 'Plaza de España, s/n', 'Plaza de España es una estación de las líneas 3 y 10 del Metro de Madrid, España. Se encuentra unida con la estación de Noviciado, perteneciente a la línea 2, a través de un túnel que posibilita el transbordo. Está situada entre los barrios de Argüelles (distrito Moncloa-Aravaca), Universidad y Palacio (distrito Centro). Los andenes de la línea 3 de Plaza de España están bajo la calle de la Princesa, a la altura de la plaza del mismo nombre, y los de la línea 10 bajo la calle de los Reyes, a mayor profundidad que los de las otras dos líneas.'),
(56, 'Callao', 'Gran Vía, 45', 'Callao es una estación de las líneas 3 y 5 del Metro de Madrid (España) situada bajo la Plaza del Callao, gran zona comercial, cultural y de ocio de Madrid donde confluyen la Calle Preciados, Jacometrezo y la Gran Vía (aproximadamente en el punto medio de su recorrido), su nombre se debe en honor al puerto peruano del Callao, donde se dio el Combate del 2 de Mayo, en el que se enfrentó España contra Perú, Chile, Ecuador y Bolivia.'),
(57, 'Lavapiés', 'Calle de Lavapiés, 34', 'Lavapiés es una estación de la línea 3 del Metro de Madrid ubicada bajo la plaza del mismo nombre, en el barrio de Embajadores. El acceso a la estación de Lavapiés se rediseñó en la remodelación integral de la misma forma que en Ventura Rodríguez, pero dado que Lavapiés se encuentra bastante más cerca de la superficie ha sido imposible realizar un vestíbulo a distinto nivel, por lo que se hizo junto al andén 2, cambiando al andén 1 por un paso inferior.'),
(58, 'Embajadores', 'Avenida de los Poblados, 23', 'Embajadores es una estación intercambiador de transportes de Madrid, España, que une la línea 3 de Metro de Madrid y la línea C-5 de Cercanías con pasillo de transbordo a la estación de Acacias, en la línea 5. Se ubica bajo la glorieta de Embajadores. Se complementa con varias líneas de autobús urbanas en la superficie. Está situada entre el barrio homónimo (distrito Centro) y los barrios de Acacias y Palos de la Frontera (distrito Arganzuela). La estación de metro dispone del servicio de Bibliometro.'),
(59, 'Palos de la Frontera', 'Calle de Palos de la Frontera, 34', 'Palos de la Frontera es una estación de la línea 3 del Metro de Madrid situada bajo la calle del mismo nombre, entre la calle Batalla del Salado y el paseo de las Delicias. Presta servicio al barrio homónimo.'),
(60, 'Delicias', 'Paseo de las Delicias, 61', 'Delicias es una estación de la línea 3 del Metro de Madrid situada bajo el paseo del mismo nombre en el madrileño distrito de Arganzuela. En sus inmediaciones (menos de 300 m) se encuentra la estación de cercanías del mismo nombre que carece de correspondencia directa subterránea, así como la antigua estación de ferrocarril también homónima, actual sede del Museo del Ferrocarril.'),
(61, 'Legazpi', 'Calle de Méndez Álvaro, 83', 'Legazpi es una estación de las líneas 3 y 6 del Metro de Madrid ubicada bajo la plaza del mismo nombre, en el madrileño distrito de Arganzuela. La confluencia de las dos líneas de metro junto con las dársenas de autobuses en superficie hacen de Legazpi uno de los intercambiadores de transportes más importantes del sur de Madrid.'),
(62, 'Almendrales', 'Avenida de Córdoba, 21', 'Almendrales es una estación de la línea 3 del Metro de Madrid situada bajo la Avenida de Córdoba a la altura del número 21 frente a los barrios de Almendrales y Las Carolinas.'),
(63, 'Hospital 12 de Octubre', 'Avenida de Córdoba, 61', 'Hospital 12 de Octubre es una estación de la línea 3 de Metro de Madrid situada en el distrito de Usera, bajo la Glorieta de Málaga, en Madrid. La estación da servicio al Hospital 12 de Octubre y a los vecinos de la zona, como por ejemplo a gran parte de los vecinos del barrio de San Fermín (distrito de Usera).'),
(64, 'San Fermín-Orcasur', 'Calle de San Fermín, 1', 'San Fermín-Orcasur es una estación de la línea 3 de Metro de Madrid situada bajo la intersección de la Avenida de Andalucía y la Avenida de los Poblados, en el madrileño distrito de Usera.'),
(65, 'Ciudad de los Ángeles', 'Calle de la Ciudad de los Ángeles, 2', 'Ciudad de los Ángeles es una estación de la línea 3 del Metro de Madrid situada bajo en el distrito de Villaverde, bajo la Avenida de Andalucía a la altura de poco más del km 7 de la antigua N-IV, cerca de la autopista de circunvalación M-40. La estación da servicio a los barrios de Ciudad de los Ángeles y El Espinillo.'),
(66, 'Villaverde Bajo-Cruce', 'Calle de Villaverde, 1', 'Villaverde Bajo-Cruce es una estación de la línea 3 del Metro de Madrid situada bajo el cruce de la avenida de Andalucía con la carretera de Villaverde a Vallecas, en el conocido como Cruce de Villaverde, en el madrileño distrito del mismo nombre..'),
(67, 'San Cristóbal', 'Calle de San Cristóbal, 3', 'San Cristóbal es una estación de la línea 3 del Metro de Madrid situada bajo la Avenida de Andalucía al lado del barrio del mismo nombre en el distrito de Villaverde.'),
(68, 'Villaverde Alto', 'Calle de Villaverde, 4', 'Villaverde Alto es una estación de las líneas C-4 y C-5 de Cercanías Madrid y de la línea 3 de Metro de Madrid, situada entre las calles de Domingo Párraga y Valle de Tobalina, en el barrio de San Andrés (Villaverde).'),
(69, 'El Casar', 'Calle del Casar, 1', 'El Casar es una estación de las líneas 3 y 12 del Metro de Madrid y de la línea C-3 de Cercanías Madrid ubicada junto a la avenida del Casar, en el barrio de Getafe Norte de Getafe (Comunidad de Madrid, España). Es la más cercana al recinto ferial del municipio y a la plaza de toros. La estación registró el acceso de 2 332 495 en 2021, correspondientes a los servicios de cercanías.'),
(70, 'Alonso Martínez', 'Plaza de Alonso Martínez, s/n', 'Alonso Martínez es una estación de las líneas 4, 5 y 10 del Metro de Madrid situada bajo la plaza del mismo nombre, entre los barrios de Justicia (Centro) y Almagro (Chamberí). Su denominación hace honor al jurista y político Manuel Alonso Martínez.'),
(71, 'Colón', 'Calle de Génova, s/n', 'Colón es una estación de la línea 4 del Metro de Madrid situada bajo la calle Génova, próxima a la plaza del mismo nombre, entre los barrios de Justicia (distrito Centro) y Almagro (distrito Chamberí), aunque también presta servicio al barrio de Recoletos (distrito Salamanca).'),
(72, 'Serrano', 'Calle de Serrano, s/n', 'Serrano es una estación de la línea 4 del Metro de Madrid situada bajo la calle de Goya, próxima a la intersección con la calle de Serrano, en el barrio de Recoletos (distrito Salamanca).'),
(73, 'Velázquez', 'Calle de Velázquez, s/n', 'Velázquez es una estación de la línea 4 del Metro de Madrid situada bajo la calle de Goya, más concretamente bajo el cruce de la misma con la calle de Núñez de Balboa, en el madrileño barrio de Recoletos (distrito Salamanca).'),
(74, 'Lista', 'Calle de José Ortega y Gasset, s/n', 'Lista es una estación de la línea 4 del Metro de Madrid situada bajo la calle del Conde de Peñalver, en el madrileño distrito de Salamanca. Debe su nombre a Alberto Lista, que dio nombre a la calle que desde 1955 lleva el nombre de José Ortega y Gasset.'),
(75, 'Diego de León', 'Calle de Diego de León, s/n', 'Diego de León es una estación de las líneas 4, 5 y 6 del Metro de Madrid (España) situada bajo las calles de Francisco Silvela, Diego de León y Conde de Peñalver, en el madrileño distrito de Salamanca.'),
(76, 'Avenida de América', 'Avenida de América, 9', 'Avenida de América es un intercambiador de transportes de Madrid en el que confluye una estación de las líneas 4, 6, 7 y 9 del Metro de Madrid y una estación terminal de autobuses urbanos, interurbanos (CRTM) y de largo recorrido. Todo ello está situado bajo el cruce de la avenida de América y las calles Francisco Silvela, Príncipe de Vergara y María de Molina. La estación está organizada en varios niveles, los tres superiores conforman la terminal de autobuses y los más profundos corresponden a las cotas de las líneas de metro. Presta servicio a los barrios de Prosperidad y El Viso (distrito Chamartín) y La Guindalera y Lista (distrito Salamanca).'),
(77, 'Prosperidad', 'Calle de López de Hoyos, s/n', 'Prosperidad es una estación de la línea 4 del Metro de Madrid en bajo la plaza homónima en el madrileño distrito de Chamartín.'),
(78, 'Alfonso XIII', 'Calle de López de Hoyos, s/n', 'Alfonso XIII es una estación de la línea 4 del Metro de Madrid situada bajo la calle de López de Hoyos a la altura del cruce con la calle de Clara del Rey, muy cerca del comienzo de la avenida de Alfonso XIII, en el barrio de Prosperidad (distrito de Chamartín).'),
(79, 'Avenida de la Paz', 'Calle López de Hoyos, s/n', 'Avenida de la Paz es una estación de la línea 4 del Metro de Madrid situada bajo la intersección de la avenida de Ramón y Cajal con la autopista de circunvalación M-30, en el tramo que se denomina Avenida de la Paz. La estación se encuentra en el límite de los distritos madrileños de Chamartín y Ciudad Lineal, bajo las calzadas de la M-30.'),
(80, 'Arturo Soria', 'Calle de Arturo Soria, s/n', 'Arturo Soria es una estación de la línea 4 del Metro de Madrid situada bajo el cruce de las calles Arturo Soria, José Silva y Ulises, entre los barrios de San Juan Bautista y Colina (distrito de Ciudad Lineal). También presta servicio a los barrios de Canillas y Piovera (distrito Hortaleza).'),
(81, 'Esperanza', 'Calle de Andrés Obispo, s/n', 'Esperanza es una estación de la línea 4 del Metro de Madrid situada bajo la calle Andorra, en el barrio de Canillas, dentro del madrileño distrito de Hortaleza.'),
(82, 'Canillas', 'Avda. Machupichu con Montalbos', 'Canillas es una estación de la línea 4 del Metro de Madrid situada bajo la Avenida de Machupichu, junto al Centro Comercial Palacio de Hielo en el barrio de Canillas (distrito Hortaleza).'),
(83, 'Mar de Cristal', 'Glorieta de Mar de Cristal, s/n', 'Mar de Cristal es una estación del Metro de Madrid a la que prestan servicio las líneas 4 y 8 del suburbano. Ubicada bajo la glorieta homónima, abastece a los barrios de Pinar del Rey y Canillas, ambos pertenecientes al distrito de Hortaleza. La estación da servicio al eje central del distrito, una zona predominantemente residencial, así como a sus diferentes servicios públicos y privados, entre los que destacan varios centros de enseñanza y salud y un centro comercial conocido como Gran Vía de Hortaleza. En las inmediaciones se encuentra un importante núcleo de paradas de autobús, que facilitan las conexiones intermodales entre el transporte superficial y subterráneo. Se trata de un punto clave para la vertebración del transporte público en la zona noreste de Madrid y favorece su rápida conectividad con el centro de la capital.'),
(84, 'San Lorenzo', 'Calle de Santa Virgilia, s/n', 'San Lorenzo es una estación de la línea 4 del Metro de Madrid situada bajo la Avenida de la Barranquilla, en el barrio de San Lorenzo (distrito Hortaleza).'),
(85, 'Parque de Santa María', 'Calle de Santa Virgilia, s/n', 'Parque de Santa María es una estación de la Red del Metro de Madrid en España perteneciente a la línea 4, situada bajo la calle de Santa Virgilia, en el barrio de Pinar del Rey (distrito Hortaleza).'),
(86, 'Hortaleza', 'Calle de Santa Susana, s/n', 'Hortaleza es una estación de la línea 4 del Metro de Madrid situada bajo la calle Virgen del Carmen, en el barrio de Pinar del Rey (distrito Hortaleza). En superficie también existe una estación de ferrocarril perteneciente a la red de Adif, que además constituye un nudo ferroviario, aunque no presta servicios de pasajeros.'),
(87, 'Manoteras', 'Calle de Bacares, s/n', 'Manoteras es una estación de la línea 4 del Metro de Madrid situada bajo la calle de Bacares, en el barrio de Apóstol Santiago (distrito Hortaleza).'),
(88, 'Alameda de Osuna', 'Calle de la Ribera del Sena, s/n', 'Alameda de Osuna es una estación de la línea 5 del Metro de Madrid situada bajo la calle La Rioja a la altura de la intersección con la calle Corbeta, en el barrio homónimo perteneciente al madrileño distrito de Barajas. Es una de las cabeceras de la línea.'),
(89, 'El Capricho', 'Calle de la Ribera del Sena, s/n', 'El Capricho es una estación de la línea 5 de Metro de Madrid situada antes de la intersección de la Calle Rioja (también llamada Vía Verde de la Gasolina) con la calle Pinos de Osuna, en el barrio de Alameda de Osuna (distrito Barajas). El nombre de la estación se debe a que se encuentra cerca del parque de El Capricho.'),
(90, 'Canillejas', 'Calle de Alcalá, s/n', 'Canillejas es una estación de la línea 5 del Metro de Madrid situada bajo la calle de Alcalá, junto a la intersección con la avenida de América, en el barrio del mismo nombre del distrito de San Blas-Canillejas. Además, presta servicio al barrio de Palomas del distrito Hortaleza. Aparte de estación de metro, es punto de parada de las líneas urbanas e interurbanas que circulan por la A-2 y cabecera de líneas urbanas e interurbanas que se dirigen hacia Barajas.'),
(91, 'Torre Arias', 'Calle de Alcalá, s/n', 'Torre Arias es una estación de la línea 5 del Metro de Madrid situada bajo la calle de Alcalá junto al parque del mismo nombre, en el distrito de San Blas-Canillejas.'),
(92, 'Suanzes', 'Calle de Alcalá, s/n', 'Suanzes es una estación de la línea 5 del Metro de Madrid situada bajo la calle de Alcalá, junto al Parque Quinta de los Molinos, en el distrito de San Blas-Canillejas.'),
(93, 'Ciudad Lineal', 'Calle de Alcalá, s/n', 'Ciudad Lineal es una estación de la línea 5 del Metro de Madrid situada bajo la plaza de Ciudad Lineal, entre los barrios de Pueblo Nuevo y Quintana (distrito de Ciudad Lineal) y Simancas (distrito de San Blas-Canillejas).'),
(94, 'Pueblo Nuevo', 'Calle de Alcalá, s/n', 'Pueblo Nuevo es una estación de las líneas 5 y 7 del Metro de Madrid ubicada bajo la intersección de la calle de Alcalá y la calle de los Hermanos de Pablo, en el distrito de Ciudad Lineal.'),
(95, 'Quintana', 'Calle de Alcalá, s/n', 'Quintana es una estación de la línea 5 del Metro de Madrid situada bajo la Plaza de Quintana, en el cruce de la calle del Lago Constanza con la calle Alcalá.'),
(96, 'El Carmen', 'Calle de Alcalá, s/n', 'El Carmen es una estación de la línea 5 del Metro de Madrid situada bajo la calle de Alcalá, entre las intersecciones con las calles Alcalde López Casero y José María Fernández Lanseros, en el distrito madrileño de Ciudad Lineal.'),
(97, 'Núñez de Balboa', 'Calle de Núñez de Balboa, s/n', 'Núñez de Balboa es una estación de las líneas 5 y 9 del Metro de Madrid situada entre los barrios de Castellana y Lista, ambos en el distrito de Salamanca.'),
(98, 'Rubén Darío', 'Paseo de Eduardo Dato, s/n', 'Rubén Darío es una estación de la línea 5 del Metro de Madrid. Está situada bajo el Paseo de Eduardo Dato, entre la glorieta de Rubén Darío y el Paseo de la Castellana.'),
(99, 'Chueca', 'Plaza de Chueca, s/n', 'Chueca es una estación de la línea 5 del Metro de Madrid situada bajo la plaza del mismo nombre, en el barrio de Justicia del distrito Centro.'),
(100, 'La Latina', 'Plaza de la Cebada, s/n', 'La Latina es una estación de la línea 5 del Metro de Madrid situada en el barrio de La Latina bajo la Plaza de la Cebada, en el distrito Centro de Madrid (España). La estación abrió al público el 5 de junio de 1968 con el primer tramo de la línea entre Callao y Carabanchel, siendo reformada entre 2003 y 2004 con la colocación de nuevas bóvedas y paramentos.'),
(101, 'Puerta de Toledo', 'Glorieta de la Puerta de Toledo, s/n', 'Puerta de Toledo es una estación de la línea 5 del Metro de Madrid (España) situada entre los distritos de Arganzuela y Centro. La estación está ubicada bajo la Puerta de Toledo, plaza donde confluyen varias calles importantes del centro como la calle Toledo, la Ronda de Toledo, la Ronda de Segovia y la Gran Vía de San Francisco.'),
(102, 'Pirámides', 'Paseo de la Virgen del Puerto, s/n', 'Pirámides es un intercambiador de transporte situado, pese a lo que su nombre sugiere, bajo el paseo de las Acacias de Madrid, en las proximidades de la glorieta de Pirámides y el antiguo Estadio Vicente Calderón. Confluyen en esta estación la Línea 5 del Metro de Madrid, y la línea C-10 de Cercanías Madrid. En el pasado, se intentó cambiar de nombre la estación, denominándola como Vicente Calderón, dada la proximidad al estadio homónimo, o como Jesús Gil, como homenaje al expresidente del Atlético de Madrid, siendo la primera la opción que ha sido más solicitada.'),
(103, 'Marqués de Vadillo', 'Plaza de Marqués de Vadillo, s/n', 'Marqués de Vadillo es una estación de la línea 5 del Metro de Madrid situada bajo la glorieta del mismo nombre, en el distrito de Carabanchel, en uno de los extremos del Puente de Toledo.'),
(104, 'Urgel', 'Calle General Ricardos, s/n', 'Urgel es una estación de la línea 5 del Metro de Madrid situada bajo la calle General Ricardos, junto a la intersección con el Camino Viejo de Leganés, en el distrito de Carabanchel.'),
(105, 'Oporto', 'Plaza de Oporto, s/n', 'Oporto es una estación de las líneas 5 y 6 de Metro de Madrid, situada bajo la glorieta del Valle del Oro, en el barrio madrileño de Opañel (Carabanchel).'),
(106, 'Vista Alegre', 'Calle General Ricardos, s/n', 'Vista Alegre es una estación de la línea 5 del Metro de Madrid situada bajo la calle Oca, entre los números 69 y 43, en el madrileño distrito de Carabanchel.'),
(107, 'Carabanchel', 'Calle General Ricardos, s/n', 'Carabanchel es una estación de la línea 5 de Metro de Madrid, situada bajo la Glorieta del Ejército, en el barrio de Vista Alegre del distrito homónimo. También presta servicio al barrio de Aluche (distrito Latina).'),
(108, 'Eugenia de Montijo', 'Avenida de Eugenia de Montijo, s/n', 'Eugenia de Montijo es una estación de la línea 5 de Metro de Madrid, situada bajo la intersección del Camino de los Ingenieros y la calle de Nuestra Señora de la Luz, entre los distritos de Latina y Carabanchel.'),
(109, 'Aluche', 'Avenida de los Poblados, s/n', 'Aluche es un intercambiador de transportes con una estación de las líneas 5 de Metro de Madrid y C-5 de Cercanías Madrid situada en el madrileño barrio del que toma el nombre, Aluche, situado en el distrito de Latina. Hasta 1971, Aluche fue un barrio del distrito Carabanchel, en ese año tuvo lugar la reestructuración de distritos, por lo que barrios como Aluche o Campamento que tradicionalmente habían pertenecido a los territorios de los antiguos pueblos de Carabanchel Bajo y Alto y posteriormente al distrito de Carabanchel, pasaron a formar parte del distrito de Latina.'),
(110, 'Empalme', 'Calle de Illescas, s/n', 'Empalme es una estación de la línea 5 del Metro de Madrid situada en la intersección de la avenida del Padre Piquer con la calle Tembleque, en el madrileño distrito de Latina. La estación está sobre tierra en trinchera, o sea, a un nivel más bajo que sus alrededores. Los andenes están cubiertos para proteger a los pasajeros de la intemperie.'),
(111, 'Campamento', 'Paseo de Extremadura, s/n', 'Campamento es una estación de la línea 5 del Metro de Madrid situada en la avenida del Padre Piquer, en el madrileño barrio de Aluche, perteneciente al distrito de Latina.'),
(112, 'Casa de Campo', 'Paseo de la Puerta del Ángel, s/n', 'Casa de Campo es una estación de las líneas 5 y 10 del Metro de Madrid situada bajo el Paseo de la Puerta de Batán, cerca del Paseo de Extremadura (N-V), toma su nombre de este gran pulmón de la ciudad de Madrid al encontrarse en la linde del mismo. Es uno de los dos terminales de la línea 5. A una distancia de unos 500 m se encuentra el Parque zoológico de Madrid.'),
(113, 'Laguna', 'Calle Cuart de Poblet', 'Laguna es una estación donde confluyen la línea 6 del Metro de Madrid y la línea C-5 de Cercanías Madrid, enlazándolas ambas a través de un transbordo. Se encuentra bajo la intersección de las calles Alhambra y Cuart de Poblet, en el barrio de Lucero (distrito de Latina).'),
(114, 'Carpetana', 'Vía Carpetana', 'Carpetana es una estación de la línea 6 del Metro de Madrid situada en la Vía Carpetana, en el distrito de Carabanchel (barrios de Vista Alegre) y San Isidro).'),
(115, 'Opañel', 'Calle de Ocaña', 'Opañel es una estación de la línea 6 del Metro de Madrid situada bajo la Calle Valle de Oro, en el madrileño distrito de Carabanchel.'),
(116, 'Plaza Elíptica', 'Plaza Elíptica', 'Plaza Elíptica es un intercambiador de transportes de Madrid en el que confluye una estación perteneciente a las líneas 6 y 11 del Metro de Madrid situada bajo la plaza homónima en el barrio de Abrantes (distrito de Carabanchel). Plaza Elíptica se ha convertido en una de las principales estaciones de metro y puntos de comunicación del sur de Madrid y de su área metropolitana. Hasta ella llegan todos los pasajeros de los diferentes barrios de Carabanchel y La Fortuna (Leganés) que toman la línea 11, ya que la única conexión de esta línea con resto del metro de Madrid es a través de esta estación. También recibe pasajeros de la línea 6 procedentes de todo Madrid. Además, gracias a su intercambiador de autobuses interurbanos, ofrece una conexión con el metro a los ciudadanos de Getafe, Leganés, Parla o Toledo que trabajan en la capital.'),
(117, 'Usera', 'Calle de Amparo Usera', 'Usera es una estación de la Línea 6 del Metro de Madrid situada bajo la calle de Amparo Usera, en el distrito de igual nombre.'),
(118, 'Arganzuela-Planetario', 'Calle Bronce, 1', 'Arganzuela-Planetario es una estación de la línea 6 del Metro de Madrid situada bajo el barrio de los Metales, dentro del distrito madrileño de Arganzuela. La estación abrió al público el 26 de enero de 2007.​'),
(119, 'Méndez Álvaro', 'Calle de Méndez Álvaro', 'Méndez Álvaro es un intercambiador de transporte ubicado en la zona sur de Madrid, debajo y junto a la calle del mismo nombre. En él tienen confluencia las líneas C-5 y C-10 de Cercanías Madrid, y la línea 6 de Metro de Madrid. También se ubica en el mismo desde los años 1990 la Estación Sur de Autobuses.'),
(120, 'Conde de Casal', 'Plaza del Conde de Casal', 'Conde de Casal es una estación de la línea 6 del Metro de Madrid situada bajo la calle del Doctor Esquerdo, inmediatamente al norte de la plaza del Conde de Casal, entre los barrios de Niño Jesús y Estrella (distrito de Retiro, Madrid).'),
(121, 'Sainz de Baranda', 'Calle de Sainz de Baranda', 'Sainz de Baranda es una estación de las líneas 6 y 9 del Metro de Madrid situada bajo la calle del Doctor Esquerdo, en las proximidades de la intersección con la calle Alcalde Sainz de Baranda, en el madrileño distrito de Retiro.'),
(122, 'O Donnell', 'Calle de O Donnell', 'O Donnell es una estación de la línea 6 del Metro de Madrid situada bajo la calle del Doctor Esquerdo a la altura de la Casa de la Moneda, próxima a la intersección con la calle de O Donnell. Presta servicio a los barrios de Goya y Fuente del Berro (distrito Salamanca) y al barrio de Ibiza (distrito Retiro).'),
(123, 'República Argentina', 'Plaza de República Argentina', 'República Argentina es una estación de la Línea 6 del Metro de Madrid (España) situada bajo la plaza del mismo nombre, en el barrio de El Viso (distrito Chamartín).'),
(124, 'Nuevos Ministerios', 'Paseo de la Castellana', 'Nuevos Ministerios es un gran intercambiador de transporte ferroviario del Metro de Madrid y Cercanías situado bajo los Nuevos Ministerios cerca del complejo financiero AZCA, en el cruce del paseo de la Castellana, la calle de Joaquín Costa y la calle de Raimundo Fernández Villaverde, en el límite entre los distritos de Tetuán, Chamberí y Chamartín de Madrid (España). En 2022 fue la tercera estación (segunda de cercanías) de España con más tránsito de viajeros,​ estando también entre las de mayor número de viajeros de Europa.'),
(125, 'Guzmán el Bueno', 'Av. de la Reina Victoria', 'Guzmán el Bueno es una estación de las líneas 6 y 7 del Metro de Madrid situada bajo la Avenida de la Reina Victoria, entre los barrios de Vallehermoso (distrito Chamberí) y Ciudad Universitaria (distrito Moncloa-Aravaca).'),
(126, 'Vicente Aleixandre', 'Calle Gregorio del Amo, 8', 'Vicente Aleixandre​​ es una estación de la línea 6 del Metro de Madrid situada bajo la Avenida de Gregorio del Amo, en el distrito de Moncloa-Aravaca, si bien uno de sus accesos está en el distrito de Chamberí.'),
(127, 'Ciudad Universitaria', 'Avenida Complutense', 'Ciudad Universitaria es una estación de la línea 6 de Metro de Madrid situada bajo la Avenida Complutense, en la Ciudad Universitaria (distrito Moncloa-Aravaca). Junto a la estación se encuentran las cocheras subterráneas de Ciudad Universitaria donde se guardan gran parte de los trenes de la serie 5000 que circulan por la línea 6. Es, por antonomasia, el lugar de encuentro de los estudiantes universitarios y docentes, conjuntamente con la estación de Vicente Aleixandre, para llegar a las facultades que rodean esta estación.'),
(128, 'Príncipe Pío', 'Paseo de la Florida', 'Príncipe Pío, también denominada Madrid-Príncipe Pío, es un intercambiador de transportes de Madrid en el que confluyen varias líneas de metro, Cercanías, Media Distancia y autobuses urbanos e interurbanos, delimitado por la glorieta de San Vicente, cuesta de San Vicente, paseo de la Florida y el paseo del Rey, en el distrito de Moncloa-Aravaca. Actualmente la estación comprende también un centro cultural y de ocio.'),
(129, 'Puerta del Ángel', 'Paseo de Extremadura', 'Puerta del Ángel es una estación de la línea 6 del Metro de Madrid en España situada en el barrio homónimo, en el Paseo de Extremadura, próxima al Puente de Segovia, en el distrito de Latina.'),
(130, 'Alto de Extremadura', 'Paseo de Extremadura', 'Alto de Extremadura es una estación de la línea 6 del Metro de Madrid situada bajo el Paseo de Extremadura, a la altura del cruce con la calle de Francisco Brizuela. Se halla situada en el extremo superior del barrio de Puerta del Ángel, en el distrito de Latina.'),
(131, 'Lucero', 'Calle de Latón', 'Lucero es una estación de la línea 6 del Metro de Madrid situada bajo el camino de las Higueras, en el barrio homónimo perteneciente al distrito de Latina.'),
(132, 'Hospital de Henares', 'Camino Labor, s/n', 'Hospital del Henares es una estación de la línea 7 del Metro de Madrid situada junto al Hospital del Henares de Coslada.'),
(133, 'Henares', 'Avenida Algorta, 12', 'Henares es una estación de la Línea 7 de Metro de Madrid situada bajo la avenida de Algorta, en San Fernando de Henares, próxima al cauce del río Henares.'),
(134, 'Jarama', 'Plaza Guernica', 'Jarama es una estación de la línea 7 del Metro de Madrid situada bajo la Plaza de Guernica, junto al Parque Dolores Ibárruri de San Fernando de Henares. El nombre de la estación se debe a que en sus proximidades, aunque alejado, pasa el río Jarama.'),
(135, 'San Fernando', 'Plaza Echebeste, 33', 'San Fernando es una estación de la línea 7 del Metro de Madrid situada bajo la Plaza de la Real Fábrica de Paños de San Fernando, en el casco histórico de San Fernando de Henares. Junto a la estación se encuentra el Ayuntamiento de San Fernando de Henares.'),
(136, 'La Rambla', 'Calle Honduras', 'La Rambla es una estación de la Línea 7 del Metro de Madrid situada bajo la intersección de las calles Honduras y México, en el municipio de Coslada.'),
(137, 'Coslada Central', 'Calle Doctor Fleming', 'Coslada Central es una estación de la línea 7 del Metro de Madrid, situada entre la calle de Pablo Neruda y el paseo de Francisco Javier Sauquillo, en el municipio madrileño de Coslada.'),
(138, 'Barrio del Puerto', 'Avenida de España', 'Barrio del Puerto es una estación de la línea 7 del Metro de Madrid situada bajo la avenida de España en el barrio del mismo nombre del municipio de Coslada.'),
(139, 'Estadio Metropolitano', 'Avenida de Arcentales', 'Estadio Metropolitano (anteriormente Estadio Olímpico)​ es una estación de la línea 7 del Metro de Madrid situada bajo la avenida de Arcentales, junto al Estadio Metropolitano, en el madrileño barrio de Rosas (distrito San Blas-Canillejas). Esta estación separa la red de Metro de Madrid de la red de MetroEste que une los municipios de Coslada y San Fernando de Henares. Para continuar el trayecto en cualquiera de los sentidos, es necesario realizar un cambio de tren en la estación a través del andén central. En dicho andén se encuentran tanto máquinas expendedoras de billetes como torniquetes en los que se debe de validar el billete.'),
(140, 'Las Musas', 'Calle Estocolmo', 'Las Musas es una estación de la línea 7 del Metro de Madrid situada bajo la intersección de la avenida de Niza y la travesía de Ronda, en el barrio de Rosas del distrito de San Blas-Canillejas de Madrid. La estación cuenta con dos andenes de 115 metros para trenes de gálibo ancho de 6 coches. La electrificación corresponde a una catenaria rígida a 1500 Vcc. La estación tiene acceso a las cocheras de Canillejas, al igual que desde la estación de ese mismo nombre por parte de la línea 5.'),
(141, 'San Blas', 'Calle Amposta', 'San Blas es una estación de la línea 7 del Metro de Madrid situada bajo la calle de Pobladura del Valle, entre los barrios de Arcos y Hellín, en el distrito de San Blas-Canillejas.'),
(142, 'Simancas', 'Calle de Simancas', 'Simancas es una estación de la línea 7 del Metro de Madrid situada bajo la avenida de Arcentales, en el madrileño distrito de San Blas-Canillejas, entre los barrios de Simancas y Amposta.'),
(143, 'García Noblejas', 'Calle de los Hermanos García Noblejas', 'García Noblejas es una estación de la línea 7 del Metro de Madrid situada bajo la calle de Luis Campos, en el barrio de Pueblo Nuevo (distrito de Ciudad Lineal). La estación también presta servicio al barrio de Simancas (distrito de San Blas-Canillejas).'),
(144, 'Ascao', 'Calle de Ascao', 'Ascao es una estación de la línea 7 del Metro de Madrid situada bajo la calle del mismo nombre, en el barrio de Pueblo Nuevo del distrito de Ciudad Lineal.'),
(145, 'Barrio de la Concepción', 'Plaza Virgen del Romero, 1', 'Barrio de la Concepción es una estación de la línea 7 del Metro de Madrid situada en el barrio de la Concepción, en el distrito de Ciudad Lineal.'),
(146, 'Parque de las Avenidas', 'Avenida de Bruselas, 56', 'Parque de las Avenidas es una estación de la línea 7 del Metro de Madrid situada bajo la avenida de Bruselas, en el barrio de La Guindalera, perteneciente al madrileño distrito de Salamanca.'),
(147, 'Cartagena', 'Avenida de América, 32', 'Cartagena es una estación de la Línea 7 del Metro de Madrid, situada entre los barrios de Prosperidad y La Guindalera bajo la intersección de la Avenida de América con la calle Cartagena.'),
(148, 'Gregorio Marañón', 'Calle de José Abascal', 'Gregorio Marañón es una estación de las líneas 7 y 10 del Metro de Madrid situada bajo la plaza del Doctor Marañón, entre los barrios de Ríos Rosas y Almagro (distrito Chamberí), aunque también presta servicio a los barrios de El Viso (distrito Chamartín) y Castellana (distrito Salamanca). Pese a su denominación, la estación no está situada en las inmediaciones del Hospital Gregorio Marañón, siendo las estaciones de Metro más cercanas a este hospital las de ODonnell, Ibiza y Sáinz de Baranda.'),
(149, 'Alonso Cano', 'Calle de Alonso Cano', 'Alonso Cano es una estación de la línea 7 del Metro de Madrid situada bajo la calle de José Abascal, en su confluencia con la calle de Alonso Cano, en el madrileño distrito de Chamberí. La estación abrió al público el 16 de octubre de 1998. El nombre de la estación es en recuerdo del pintor granadino Alonso Cano.'),
(150, 'Islas Filipinas', 'Calle de Islas Filipinas', 'Islas Filipinas es una estación de la línea 7 del Metro de Madrid (España) situada bajo la calle Cea Bermúdez, entre la Plaza de Cristo Rey y la intersección con la avenida de Filipinas, en el distrito de Chamberí.'),
(151, 'Francos Rodríguez', 'Calle de Francos Rodríguez', 'Francos Rodríguez es una estación de la línea 7 del Metro de Madrid situada bajo la confluencia de la avenida de Pablo Iglesias y la calle que da nombre a la estación, entre los barrios de Ciudad Universitaria (distrito de Moncloa-Aravaca) y Bellas Vistas (distrito de Tetuán).'),
(152, 'Valdezarza', 'Calle de Ofelia Nieto', 'Valdezarza es una estación de la línea 7 del Metro de Madrid situada bajo la calle San Restituto, en el barrio que da nombre a la estación, perteneciente al distrito de Moncloa-Aravaca.'),
(153, 'Antonio Machado', 'Calle de Antonio Machado', 'Antonio Machado es una estación de la línea 7 del Metro de Madrid situada bajo la calle Valderrodrigo, cercana a la calle del mismo nombre, en el barrio de Valdezarza (distrito Moncloa-Aravaca). También presta servicio al barrio de Peñagrande (distrito Fuencarral-El Pardo). La estación se abrió al público el 29 de marzo de 1999.'),
(154, 'Peñagrande', 'Calle de Joaquín Lorenzo', 'Peñagrande es una estación de la línea 7 del Metro de Madrid situada bajo la intersección de las calles de La Bañeza y Camino de Ganapanes, en el distrito de Fuencarral-El Pardo. La estación abrió al público el 29 de marzo de 1999.'),
(155, 'Avenida de la Ilustración', 'Av. de la Ilustración', 'Avenida de la Ilustración es una estación de la línea 7 del Metro de Madrid situada bajo la calle Islas Cíes, en el barrio de Peñagrande del distrito Fuencarral-El Pardo. La estación de metro se puso en marcha el 29 de marzo de 1999.['),
(156, 'Lacoma', 'Calle de Lacoma', 'Lacoma es una estación de la línea 7 del Metro de Madrid situada bajo la calle Riscos de Polanco, en el barrio de Peñagrande (distrito Fuencarral-El Pardo), si bien también presta servicio al barrio de Mirasierra en el mismo distrito.'),
(157, 'Arroyofresno', 'Calle María de Maeztu, 52', 'Arroyofresno es una estación de la línea 7 del Metro de Madrid, situada en el área residencial de Arroyo del Fresno que forma parte del barrio de Mirasierra (distrito Fuencarral-El Pardo).'),
(158, 'Pitis', 'Calle Senda del Infante', 'Pitis es una estación de ferrocarril de carácter intermodal situada en el municipio español de Madrid, en la Comunidad de Madrid. La estación constituye un nudo ferroviario en el que se bifurcan las líneas Madrid-Hendaya y Pitis-Hortaleza, lo que le confiere un importante tráfico de pasajeros y mercancías. Además, cuenta con una estación del Metro de Madrid. En el complejo de Pitis confluyen la línea 7 de Metro y las líneas C-7 y C-8 de Cercanías Madrid, enlazándolas a través de un transbordo. Además de los servicios ferroviarios y de Metro, las instalaciones cuentan con conexiones de autobús urbano.'),
(159, 'Colombia', 'Calle de Colombia', 'Colombia es una estación de las líneas 8 y 9 del Metro de Madrid situada bajo la calle Príncipe de Vergara entre la Plaza de la República Dominicana y la intersección con la calle Colombia, en el barrio de Hispanoamérica (distrito Chamartín).'),
(160, 'Pinar del Rey', 'Calle de Pinar del Rey', 'Pinar del Rey es una estación de la línea 8 del Metro de Madrid situada bajo la plaza de Francisco Fernández Ordóñez, donde confluyen la Gran Vía de Hortaleza y las calles de Simón Bolívar y Andrés Obispo, en el madrileño distrito de Hortaleza dando servicio al barrio homónimo y a la parte noroeste del barrio de Canillas.'),
(161, 'Feria de Madrid', 'Avenida del Partenón', 'Feria de Madrid 2017-Act ( y anteriormente Campo de las Naciones 1998-2017) es una estación de la línea 8 del Metro de Madrid situada bajo la avenida del Partenón y junto a los recintos feriales de IFEMA, que dan nombre a la estación, en el Campo de las Naciones del madrileño distrito de Barajas.'),
(162, 'Aeropuerto T1-T2-T3', 'Aeropuerto Adolfo Suárez Madrid-Barajas, Terminal 2', 'Aeropuerto T1-T2-T3 es una estación de la línea 8 del Metro de Madrid situada junto a la terminal T2 del Aeropuerto Adolfo Suárez Madrid-Barajas, en el distrito homónimo de Madrid.'),
(163, 'Barajas', 'Plaza del Mercurio', 'Barajas es una estación de la línea 8 del Metro de Madrid situada bajo la avenida de Logroño y junto a la plaza de Pajarones, en el barrio de Timón del distrito de Barajas. La estación abrió al público el 7 de septiembre de 1999​ y ha sido final de línea hasta el 3 de mayo de 2007.'),
(164, 'Aeropuerto T4', 'Aeropuerto Adolfo Suárez Madrid-Barajas, Terminal 4', 'Aeropuerto T4 es una estación de la línea 8 del Metro de Madrid y de la línea C-1 de Cercanías Madrid situada junto a la terminal T4 del Aeropuerto de Madrid-Barajas, en el distrito de Barajas. La estación de Metro fue inaugurada el 3 de mayo de 2007​ con la particularidad de requerir el pago de un suplemento especial (actualmente, un importe de 3 €) para los usuarios de billete sencillo o metrobús de Metro. En el caso de Cercanías,[2]​ la estación ferroviaria se inauguró el 22 de septiembre de 2011 y se encuentra situada en la zona B2 a efectos de tarificación para billetes propios de Renfe, siendo la única estación de Metro en tener diferente zona tarifaria respecto a su correspondencia con Cercanías. Sin embargo, ninguna de estas tarificaciones especiales afectan a los usuarios de abono transporte.'),
(165, 'Paco de Lucía', 'Calle Costa Brava', 'Paco de Lucía es una estación multimodal de la línea 9 del Metro de Madrid (España) y de las líneas C-7 y C-8 de Cercanías Madrid, situada bajo la calle de Costa Brava, en el barrio de Mirasierra del distrito de Fuencarral-El Pardo.'),
(166, 'Mirasierra', 'Av. Ventisquero de la Condesa', 'Mirasierra es una estación de la línea 9 del Metro de Madrid, situada bajo la Glorieta de la Pradera de Navarrulaque, en el barrio homónimo del distrito de Fuencarral-El Pardo.'),
(167, 'Herrera Oria', 'Calle Fermín Caballero', 'Herrera Oria es una estación de la línea 9 del Metro de Madrid en España situada bajo la calle Ginzo de Limia, en el tramo comprendido entre la Avenida del Cardenal Herrera Oria y la Avenida de la Ilustración, entre los barrios de El Pilar y La Paz, ambos pertenecientes al distrito Fuencarral-El Pardo.'),
(168, 'Barrio del Pilar', 'Av. Betanzos', 'Barrio del Pilar es una estación de la línea 9 del Metro de Madrid situada bajo la intersección de las calles Ginzo de Limia y Melchor Fernández Almagro, en el madrileño barrio homónimo en el distrito (Fuencarral-El Pardo). La estación da servicio al centro comercial La Vaguada, situado a 220 m de la estación.'),
(169, 'Ventilla', 'Calle de Asturias', 'Ventilla es una estación de la línea 9 del Metro de Madrid situada bajo la Avenida de Asturias, en el barrio madrileño de Almenara.'),
(170, 'Duque de Pastrana', 'Paseo de la Habana', 'Duque de Pastrana es una estación de la línea 9 del Metro de Madrid situada bajo la plaza del mismo nombre en el distrito de Chamartín.'),
(171, 'Pío XII', 'Avenida de Pío XII', 'Pío XII es una estación de la línea 9 del Metro de Madrid situada bajo la avenida del mismo nombre en el distrito de Chamartín.'),
(172, 'Concha Espina', 'Calle Concha Espina', 'Concha Espina es una estación de la línea 9 del Metro de Madrid en España situada bajo la Calle del Príncipe de Vergara entre la intersección con la Avenida de Concha Espina y la Plaza de Cataluña, en el madrileño distrito de Chamartín.'),
(173, 'Cruz del Rayo', 'Calle Serrano', 'Cruz del Rayo es una estación de la línea 9 del Metro de Madrid situada bajo la calle del Príncipe de Vergara en las inmediaciones del Auditorio Nacional de Música, dentro del madrileño distrito de Chamartín.'),
(174, 'Ibiza', 'Calle Ibiza', 'Ibiza es una estación de la línea 9 del Metro de Madrid (España) situada bajo la calle homónima en el distrito de Retiro.'),
(175, 'Estrella', 'Calle Estrella Polar', 'Estrella es una estación de la línea 9 del Metro de Madrid situada bajo la M-30, perpendicular a la misma, siguiendo el eje del Camino de Vinateros y la calle Estrella Polar. La estación está situada entre los distritos de Moratalaz y Retiro, dando servicio al barrio del mismo nombre que la estación. La estación se abrió al público el 31 de enero de 1980.'),
(176, 'Vinateros', 'Calle Marroquina', 'Vinateros es una estación de la línea 9 del Metro de Madrid situada bajo el Camino de Vinateros entre el cruce con la calle del Arroyo Belincoso y el cruce con la calle del Corregidor José de Pasamonte, en el distrito de Moratalaz. Da servicio, entre otros, a la biblioteca pública municipal Miguel Delibes, a la escuela superior de diseño de Madrid, al Colegio Público Manuel Sainz de Vicuña y al vivero de Empresas de Moratalaz.'),
(177, 'Artilleros', 'Calle Pico de Artilleros', 'Artilleros es una estación de la línea 9 del Metro de Madrid situada bajo el Camino de Vinateros próxima a la intersección con la calle Pico de Artilleros, en el distrito de Moratalaz. La estación abrió al público el 31 de enero de 1980 con el primer tramo de la línea.'),
(178, 'Pavones', 'Calle de los Pavones', 'Pavones es una estación de la línea 9 del Metro de Madrid situada bajo la calle de la Hacienda de Pavones, junto al centro de salud, en el barrio del mismo nombre del distrito de Moratalaz.'),
(179, 'Valdebernardo', 'Calle Ladera de los Almendros', 'Valdebernardo es una estación de la línea 9 del Metro de Madrid situada bajo el bulevar de Indalecio Prieto, en el barrio de Valdebernardo del distrito de Vicálvaro.'),
(180, 'Vicálvaro', 'Plaza de Alonso', 'Vicálvaro es una estación de la línea 9 del Metro de Madrid situada bajo la intersección del paseo de los Artilleros, la avenida de Daroca y la calle de San Cipriano, en el distrito de Vicálvaro. La estación abrió al público el 1 de diciembre de 1998.'),
(181, 'San Cipriano', 'Calle de San Cipriano', 'San Cipriano es una estación de la línea 9 del Metro de Madrid situada bajo la calle del mismo nombre, en el distrito de Vicálvaro. La estación se abrió al público el 1 de diciembre de 1998.'),
(182, 'Puerta de Arganda', 'Calle Pico Artilleros', 'Puerta de Arganda es una estación de la línea 9 del Metro de Madrid situada en el distrito de Vicálvaro de Madrid, en la calle de San Cipriano, y muy próxima a la intersección con la avenida de la Gran Vía del Este. Ofrece una conexión con la estación de Vicálvaro de las líneas C-2, C-7 y C-8 de Cercanías Madrid situada por encima de la estación de metro formando un intercambiador de transporte entre cercanías y metro.'),
(183, 'Rivas-Urbanizaciones', 'Av. de Levante', 'Rivas-Urbanizaciones es una estación de la línea 9 del Metro de Madrid situada bajo en el municipio de Rivas-Vaciamadrid, en la zona noroeste de la ciudad, junto al barrio de Covibar. Dispone de un único andén central. Es la primera estación del tramo gestionado por TFM en la línea 9, cuenta con una única salida al Paseo del Ferrocarril. La estación fue inaugurada el 7 de abril de 1999.​ Tanto la boca de entrada a la estación como los andenes con iguales a los de la Estación de Arganda del Rey.'),
(184, 'Rivas Futura', 'Av. de Levante', 'Rivas Futura es una estación de la línea 9 del Metro de Madrid situada en paralelo a las calles Concepción Arenal y Marie Curie en el nuevo desarrollo urbanístico de Rivas-Vaciamadrid, siendo la única estación de la TFM en tener más de un acceso.'),
(185, 'Rivas Vaciamadrid', 'Calle de la Fundición', 'Rivas Vaciamadrid es una estación de la línea 9 del Metro de Madrid situada en el municipio de Rivas-Vaciamadrid, en la zona sur de la ciudad, junto al núcleo primigenio de Vaciamadrid.'),
(186, 'La Poveda', 'Calle Camino de la Poveda', 'La Poveda es una estación de la línea 9 del Metro de Madrid situada en la zona norte de Arganda del Rey, en el barrio de La Poveda. La estación se encuentra en superficie, al aire libre semielevada al igual que la anterior (Rivas-Vaciamadrid).'),
(187, 'Arganda del Rey', 'Calle del Real', 'Arganda del Rey es una estación de la línea 9 del Metro de Madrid situada en el municipio de Arganda del Rey próxima al centro urbano y subterránea. Corresponde a la zona tarifaria B3 según el Consorcio Regional de Transportes.'),
(188, 'Hospital Infanta Sofía', 'Av. de la Sierra, San Sebastián de los Reyes', 'Hospital Infanta Sofía (Hospital del Norte hasta el 8 de agosto de 2008) es una estación de la línea 10 del metro de Madrid situada en el municipio de San Sebastián de los Reyes. Es punto de enlace de varias líneas de autobús interurbanas del corredor de la A-1 con el MetroNorte.'),
(189, 'Reyes Católicos', 'Av. de Reyes Católicos', 'Reyes Católicos es una estación de la línea 10 del Metro de Madrid ubicada en el municipio de San Sebastián de los Reyes bajo la avenida del mismo nombre cerca de la Plaza de Toros "La Tercera".'),
(190, 'Baunatal', 'Av. de España', 'Baunatal es una estación de la línea 10 (tramo MetroNorte) del metro de Madrid situada bajo la intersección entre las avenidas de Lomas del Rey y Baunatal, cerca de la Universidad Popular, en San Sebastián de los Reyes (Ensanche-Praderón-Alamillos).'),
(191, 'Manuel de Falla', 'Av. de España, San Sebastián de los Reyes', 'Manuel de Falla es una estación de la línea 10 del metro de Madrid situada bajo la calle homónima, en el municipio de Alcobendas, al norte del centro urbano.'),
(192, 'Marqués de la Valdavia', 'Av. de España', 'Marqués de la Valdavia es una estación de la línea 10 del metro de Madrid situada en el municipio de Alcobendas bajo el Parque Cataluña y en el eje del paseo de la Chopera y la calle del mismo nombre. Su nombre hace referencia al político y aristócrata palentino Mariano Osorio Lamadrid, el cual ostentó el título de marqués de La Valdavia.'),
(193, 'La Moraleja', 'Camino del Cura', 'La Moraleja es una estación de la línea 10 del metro de Madrid situada en el municipio de Alcobendas bajo la Avenida de Bruselas, en la zona empresarial cercana a La Moraleja, si bien la urbanización en sí está bastante apartada de la estación.'),
(194, 'La Granja', 'C/ Sepúlveda, 3', 'La Granja es una estación de la línea 10 del metro de Madrid situada en el municipio de Alcobendas en el polígono industrial Vereda del Pobre.'),
(195, 'Ronda de la Comunicación', 'Distrito Telefónica', 'Ronda de la Comunicación es una estación de la línea 10 del metro de Madrid situada bajo el Distrito Telefónica o Ciudad de las Comunicaciones, el parque empresarial de Telefónica situado en el distrito de Fuencarral-El Pardo al norte de Las Tablas. Dicha compañía financió la construcción de la estación, pues en el proyecto de MetroNorte no se incluía. De esta forma, sus trabajadores la usan para llegar a las oficinas.'),
(196, 'Las Tablas', 'Calle de Castiello de Jaca', 'Las Tablas es una estación de la línea 10 de Metro de Madrid y de la línea ML1 de Metro Ligero, situada en paralelo a la avenida de Santo Domingo de la Calzada y a la calle Palas de Rey, en el área residencial de Las Tablas del barrio de Valverde, en el distrito de Fuencarral-El Pardo.'),
(197, 'Montecarmelo', 'Av. del Monte del Gozo', 'Montecarmelo es una estación de la línea 10 del Metro de Madrid situada en Montecarmelo (barrio de El Goloso, distrito de Fuencarral-El Pardo), en la intersección de la avenida de Montecarmelo con la calle del Monasterio de Samos.'),
(198, 'Tres Olivos', 'Calle de Antonio Cabezón', 'Tres Olivos es una estación de la línea 10 del Metro de Madrid situada en el barrio de Valverde, en el madrileño distrito de Fuencarral-El Pardo.'),
(199, 'Fuencarral', 'Calle de Nuestra Señora de Valverde', 'Fuencarral es una estación de la línea 10 del Metro de Madrid situada en el barrio de Valverde, en el madrileño distrito de Fuencarral-El Pardo.'),
(200, 'Begoña', 'Av. de la Ilustración', 'Begoña es una estación del Metro de Madrid perteneciente a la línea 10, situada bajo el nudo formado por el paseo de la Castellana, la M-607 (Carretera de Colmenar Viejo) y la M-30, entre la Colonia Virgen de Begoña y el Hospital Universitario La Paz, entre los barrios de La Paz y Valverde (distrito Fuencarral-El Pardo).'),
(201, 'Cuzco', 'Paseo de la Castellana', 'Cuzco es una estación de la línea 10 del Metro de Madrid situada bajo la plaza homónima, entre los barrios de Hispanoamérica (distrito Chamartín) y Castillejos (distrito Tetuán), bajo el eje del paseo de la Castellana con avenida de Alberto Alcocer.'),
(202, 'Santiago Bernabéu', 'Paseo de la Castellana', 'Santiago Bernabéu es una estación de la línea 10 del Metro de Madrid situada bajo la plaza de Lima, entre los barrios de Hispanoamérica y El Viso (distrito Chamartín) y Cuatro Caminos (distrito Tetuán), orientada según el eje del paseo de la Castellana.'),
(203, 'Lago', 'Paseo del Embarcadero', 'Lago es una estación de la línea 10 del Metro de Madrid situada junto al lago de la Casa de Campo de Madrid. La estación fue inaugurada en 1961 con el primer tramo de la línea 10 entre Plaza de España y Carabanchel.'),
(204, 'Batán', 'Paseo de la Puerta del Ángel', 'Batán es una estación de la línea 10 del Metro de Madrid situada entre la intersección del Camino de Campamento con el Paseo de la Venta y la calle Villamanín y la Venta del Batán, en el límite entre los barrios de Lucero (distrito de Latina) y Casa de Campo (distrito de Moncloa-Aravaca). Cerca de la estación se encuentran la Venta del Batán, la Escuela de Tauromaquia de Madrid y el Parque de Atracciones.'),
(205, 'Colonia Jardín', 'Calle del Oropéndola', 'Colonia Jardín es una estación de las líneas 10 de Metro de Madrid y ML-2 y ML-3 de Metro ligero situada en el barrio de Campamento, distrito de Latina bajo la Carretera de Carabanchel a Aravaca. Al pasar varias líneas de autobuses interurbanos en superficie próximas a los accesos actúa como un área intermodal Metro-Metro Ligero-Autobús.'),
(206, 'Aviación Española', 'Av. Aviación Española', 'Aviación Española es una estación de la línea 10 del Metro de Madrid situada bajo el Paseo de Extremadura, en el distrito de Latina, donde se encontraban los cuarteles militares desmantelados, Se encuentra a 400 metros de la estación Las Águilas de Cercanías Madrid, aunque no existe un pasillo o túnel que las conecte.'),
(207, 'Cuatro Vientos', 'Calle de Cuatro Vientos', 'Cuatro Vientos es una estación donde confluyen la línea 10 del Metro de Madrid y la línea C-5 de Cercanías Madrid, situada junto y bajo la A-5 en torno al kilómetro 9, en el madrileño distrito de Latina.'),
(208, 'Joaquín Vilumbrales', 'Av. de los Castillos', 'Joaquín Vilumbrales es una estación de la línea 10 del metro de Madrid situada bajo la confluencia de la Avenida de la Libertad y la calle Carballino en el barrio de Los Castillos de Alcorcón.'),
(209, 'Puerta del Sur', 'Av. de Leganés', 'Puerta del Sur es una estación de las líneas 10 y 12 del Metro de Madrid situada bajo la confluencia de la Avenida de Leganés, la Avenida de la Libertad y la Avenida del Olímpico Fernández Ochoa en Alcorcón.'),
(210, 'Abrantes', 'Avda. Abrantes, 52 (esquina C/ Papagayo y C/ Alfonso Martínez Conde)', 'Abrantes es una estación de la línea 11 del Metro de Madrid situada bajo la avenida del mismo nombre, a la altura del cruce con la calle de Alfonso Martínez Conde, en el madrileño distrito de Carabanchel.'),
(211, 'Pan Bendito', 'Avda. Abrantes, 122 (esquina C/ Besolla)', 'Pan Bendito es una estación de la línea 11 del Metro de Madrid situada bajo la avenida de Abrantes, a la altura del cruce con la calle Besolla, en el madrileño distrito de Carabanchel.'),
(212, 'San Francisco', 'Avenida Los Poblados, 91 (esquina C/ Albox, 35)', 'San Francisco es una estación de la línea 11 del Metro de Madrid ubicada bajo la avenida de los Poblados, en el madrileño distrito de Carabanchel.'),
(213, 'Carabanchel Alto', 'Avda. Carabanchel Alto, 15', 'Carabanchel Alto es una estación de la línea 11 del Metro de Madrid situada bajo la avenida de Carabanchel Alto, en el madrileño distrito de Carabanchel.'),
(214, 'La Peseta', 'Avda. La Peseta, 61', 'La Peseta es una estación de la línea 11 del Metro de Madrid situada en el ensanche del mismo nombre, localizado al oeste de la ciudad de Madrid, entre los distritos de Latina y Carabanchel.'),
(215, 'La Fortuna', 'C/ San José, 40', 'La Fortuna es la última estación de la línea 11 del Metro de Madrid. Situada en el barrio de Leganés del mismo nombre, es la única estación de línea 11 que se encuentra fuera de Carabanchel, ya que el resto la línea está en el subsuelo carabanchelero. Además la estación de La Fortuna es la única estación de metro de Leganés que tiene conexión directa con Madrid y que no se encuentra en la línea 12.'),
(216, 'Parque Lisboa', 'Avda. de Leganés, 20 (esquina C/ Porto Lagos, 20)', 'Parque Lisboa es una estación de la línea 12 del Metro de Madrid situada bajo la avenida de Leganés, en el barrio de Alcorcón Parque de Lisboa.'),
(217, 'Alcorcón Central', 'Paseo de Extremadura, 15 (también Avda. de Móstoles)', 'Alcorcón Central, es una estación de ferrocarril y un intercambiador de transportes entre la línea 12 de Metro de Madrid, la línea C-5 de Cercanías Madrid y varias líneas de autobuses urbanas e interurbanas que efectúan parada en su entorno.'),
(218, 'Parque Oeste', 'C/ Estambul, 16', 'Parque Oeste es una estación de la línea 12 del Metro de Madrid situada bajo el nuevo barrio del mismo nombre de Alcorcón.'),
(219, 'Universidad Rey Juan Carlos', 'Avda. Alcalde de Móstoles, 35', 'Universidad Rey Juan Carlos es una estación de la línea 12 del Metro de Madrid situada junto al campus de la Universidad Rey Juan Carlos en Móstoles. Es la estación del Metro de Madrid con el nombre más largo.'),
(220, 'Móstoles Central', 'Paseo de la Estación, s/n', 'Móstoles es una estación de la línea C-5 de Cercanías Madrid y Móstoles Central es una estación de la línea 12 del Metro de Madrid. Ambas forman un intercambiador multimodal situado junto al Paseo de la Estación, al oeste del centro de Móstoles.'),
(221, 'Pradillo', 'Plaza del Pradillo, s/n', 'Pradillo es una estación de la línea 12 del Metro de Madrid situada bajo la plaza homónima, en el centro de Móstoles.'),
(222, 'Hospital de Móstoles', 'C/ Río Sella', 'Hospital de Móstoles es una estación de la línea 12 del Metro de Madrid situada junto al hospital de Móstoles.'),
(223, 'Manuela Malasaña', 'C/ Magdalena, s/n', 'Manuela Malasaña es una estación de la línea 12 del Metro de Madrid situada bajo la calle Desarrollo, al sur de Móstoles en un barrio de reciente construcción aún en desarrollo.'),
(224, 'Loranca', 'Avda. Pablo Iglesias, s/n', 'Loranca es una estación de la línea 12 del Metro de Madrid situada en el centro del barrio homónimo de Fuenlabrada.'),
(225, 'Hospital de Fuenlabrada', 'Calle del Molino', 'Hospital de Fuenlabrada es una estación de la línea 12 del Metro de Madrid situada junto al Hospital de Fuenlabrada y el campus de la Universidad Rey Juan Carlos en Fuenlabrada.'),
(226, 'Parque Europa', 'C/ Francia, 34 (esquina Avda. de las Naciones)', 'Parque Europa es una estación de la línea 12 del Metro de Madrid situada bajo la calle Francia, en el centro de Fuenlabrada.'),
(227, 'Fuenlabrada Central', 'Pº de la Estación, s/n (templete)', 'Fuenlabrada Central es una estación de la línea 12 del Metro de Madrid situado en el municipio de Fuenlabrada. Ofrece una conexión con la línea C-5 de la red de Cercanías Madrid a través de la estación de Fuenlabrada.'),
(228, 'Parque de los Estados', 'Avda. Estados, 10 (esquina C/ Venezuela)', 'Parque de los Estados es una estación de la línea 12 de Metro de Madrid situada bajo la avenida de los Estados, en Fuenlabrada.'),
(229, 'Arroyo Culebro', 'C/ Las Ciencias, 14 (esquina C/ Canarias, 143)', 'Arroyo Culebro es una estación de la línea 12 del Metro de Madrid ubicada en la barriada homónima del Sector III (distrito Buenavista) de Getafe (España).'),
(230, 'Conservatorio', 'Avenida de las Arcas del Agua, 9', 'Conservatorio es una estación de la línea 12 del Metro de Madrid ubicada en la zona central del barrio Sector III de Getafe. El nombre se puso porque muy cerca de ella está el Conservatorio Profesional de Música de Getafe.'),
(231, 'Alonso de Mendoza', 'Calle El Greco, 2', 'Alonso de Mendoza es una estación de la línea 12 del Metro de Madrid ubicada bajo la calle del mismo nombre, en la zona sur del barrio de Alhóndiga de Getafe.'),
(232, 'Getafe Central', 'C/ Ferrocarril, s/n', 'Getafe Central o Getafe Centro, denominada Getafe-Badajoz hasta 1981, es una estación de ferrocarril y un intercambiador de transportes situado en el municipio español de Getafe. En sus instalaciones tienen parada la línea 12 de Metro de Madrid, la línea C-4 de Cercanías Madrid y múltiples líneas urbanas e interurbanas de autobuses.'),
(233, 'Juan de la Cierva', 'Avda. de España con Plaza Barcelona', 'Juan de la Cierva es una estación de la línea 12 del Metro de Madrid ubicada en la zona central del barrio homónimo de Getafe, bajo la avenida de España. La decoración de la estación incluye una gran libélula que rinde homenaje al autogiro inventado por Juan de la Cierva.'),
(234, 'Los Espartales', 'Avda. Rigoberta Menchú, 3 (esquina a C/ Rosa de Luxemburgo)', 'Los Espartales es una estación de la línea 12 del Metro de Madrid ubicada bajo la avenida de Rigoberta Menchú, en el barrio de Getafe Norte (Getafe). Es la estación más cercana al estadio de fútbol Coliseum Alfonso Pérez.'),
(235, 'El Bercial', 'Avda. Comandante José Manuel Ripollés', 'El Bercial es una estación de la línea 12 del Metro de Madrid ubicada en el extremo norte del barrio homónimo de Getafe, junto al centro comercial del mismo nombre que la estación.'),
(236, 'El Carrascal', 'Avda. Rey Juan Carlos I con Avda. Bélgica', 'El Carrascal es una estación de la línea 12 del Metro de Madrid situada bajo la avenida del Rey Juan Carlos, en Leganés.'),
(237, 'Julián Besteiro', 'Avenida Rey Juan Carlos I con La Sagra', 'Julián Besteiro es una estación de la línea 12 del Metro de Madrid situada bajo la Avenida del Rey Juan Carlos I, en Leganés.'),
(238, 'Casa del Reloj', 'Avda. de Gibraltar, 2', 'Casa del Reloj es una estación de la línea 12 del Metro de Madrid situada bajo la avenida de Gibraltar, en el centro de Leganés.'),
(239, 'Hospital Severo Ochoa', 'Avda. de Orellana (frente al N.º 5)', 'Hospital Severo Ochoa es una estación de la línea 12 del Metro de Madrid situada bajo la Avenida de Orellana, en Leganés, junto al Hospital Severo Ochoa.'),
(240, 'Leganés Central', 'Avda. del Cobre, templete', 'Leganés Central es una estación de la línea 12 del Metro de Madrid situada en el municipio de Leganés.\r\n\r\nOfrece una conexión con la estación de Leganés, enlazando con la línea C-5 y los servicios de Media Distancia de la estación, situada por encima de las vías de la estación de metro formando un intercambiador de transporte entre autobuses, cercanías y metro.'),
(241, 'San Nicasio', 'Avda. Mar Mediterráneo, s/n (junto a puente Ctra. Alcorcón a Leganés)', 'San Nicasio es una estación de la línea 12 del Metro de Madrid situada en la confluencia de la parte antigua y el ensanche del barrio homónimo de Leganés.'),
(242, 'Fuente de la Mora', 'C/ Dulce Chacón, 15', 'Fuente de la Mora es una estación multimodal de la línea ML-1 de la red de Metro de Madrid y de las líneas C-1 y el servicio CIVIS de la C-2 de la red de Cercanías Madrid. La estación se encuentra situada bajo el Camino Fuente de la Mora y la calle de Dulce Chacón, en la zona conocida como Isla de Chamartín, dentro del barrio de Valdefuentes (Hortaleza).'),
(243, 'Virgen del Cortijo', 'Avda. de Manoteras (esquina C/ Oña, 185)', 'Virgen del Cortijo es una estación de la línea ML-1 de la red de Metro de Madrid, perteneciente al Metro Ligero, ubicada en la Colonia Virgen del Cortijo en el barrio de Valdefuentes (Hortaleza).'),
(244, 'Antonio Saura', 'C/ Príncipe Carlos, s/n (frente a C/ Pintor Antonio Saura, 1)', 'Antonio Saura es una estación de la línea ML-1 de la red de Metro de Madrid, perteneciente al Metro Ligero, ubicada en la intersección de la calle del Príncipe Carlos con la calle del Pintor Antonio Saura, en el área residencial de Sanchinarro del barrio de Valdefuentes (Hortaleza).'),
(245, 'Álvarez de Villaamil', 'C/ Príncipe Carlos, s/n (frente al n.º 28)', 'Álvarez de Villaamil es una estación de la línea ML-1 de la red de Metro de Madrid, perteneciente al Metro Ligero, ubicada en la calle del Príncipe Carlos, en el área residencial de Sanchinarro del barrio de Valdefuentes (Hortaleza).'),
(246, 'Blasco Ibáñez', 'C/ Príncipe Carlos, frente al n.º 19 (esquina C/ Vicente Blasco Ibáñez)', 'Blasco Ibáñez es una estación de la línea ML-1 de la Red de Metro de Madrid, perteneciente al Metro Ligero, ubicada bajo la calle del Príncipe Carlos, en el área residencial de Sanchinarro del barrio de Valdefuentes (Hortaleza).'),
(247, 'María Tudor', 'C/ María Tudor, s/n (frente a esquina C/ Leonor de Austria)', 'María Tudor es una estación de la línea ML-1 de Metro de Madrid, perteneciente al Metro Ligero, situada bajo la calle del mismo nombre en el área residencial de Sanchinarro del barrio de Valdefuentes (Hortaleza).'),
(248, 'Palas de Rey', 'C/ Palas de Rey, frente al N.º 18', 'Palas de Rey es una estación de la línea ML-1 de la red de Metro de Madrid perteneciente al Metro Ligero, situada en paralelo a la calle del mismo nombre y a la avenida de Santo Domingo de la Calzada, en el área residencial de Las Tablas del barrio de Valverde (Fuencarral-El Pardo).'),
(249, 'Prado de la Vega', 'Ctra. de Carabanchel a Aravaca (M-502), km. 1,2 (sentido decreciente). Próxima a C/ Diego de Velázquez.', 'Prado de la Vega es una estación de la línea ML-2 de Metro Ligero Oeste situada junto la Carretera de Carabanchel (M-502) en Pozuelo de Alarcón.'),
(250, 'Colonia de los Ángeles', 'Ctra. de Carabanchel a Aravaca (M-502), km. 2,1 (sentido creciente). Próximo a C/ Picasso.', 'Colonia de los Ángeles es una estación de la línea ML-2 de Metro Ligero Oeste situada entre la Carretera de Carabanchel (M-502) y la calle Picasso, en la colonia homónima de Pozuelo de Alarcón.'),
(251, 'Prado del Rey', 'Avda. Radio Televisión, s/n. Cerca de los Estudios de RTVE', 'Prado del Rey es una estación de la línea ML-2 de Metro Ligero Oeste situada en la zona homónima de Pozuelo de Alarcón, junto a los estudios de RTVE.'),
(252, 'Somosaguas Sur', 'C/ Veritas, s/n', 'Somosaguas Sur es una estación de la línea ML-2 de Metro Ligero Oeste situada bajo la calle Veritas, en la urbanización Somosaguas Sur de Pozuelo de Alarcón.'),
(253, 'Somosaguas Centro', 'Somosaguas Centro Ctra. de Carabanchel a Aravaca (M-502), km 3,8 (sentido decreciente). Próximo al Parque Empresarial La Finca', 'Somosaguas Centro es una estación de la línea ML-2 de Metro Ligero Oeste situada junto a la carretera de Carabanchel a Pozuelo próxima al Zoco de Pozuelo y al Parque empresarial La Finca, en Pozuelo de Alarcón.'),
(254, 'Pozuelo Oeste', 'Ctra. de Carabanchel a Aravaca (M-502), km. 4,5 (sentido decreciente).', 'Pozuelo Oeste es una estación de la línea ML-2 de Metro Ligero Oeste situada junto a la carretera de Carabanchel a Pozuelo, en Pozuelo de Alarcón.'),
(255, 'Bélgica', 'Vía de las Dos Castillas, 5', 'Bélgica es una estación de la línea ML-2 de Metro Ligero Oeste situada en la vía de las Dos Castillas junto a la intersección con la calle Bélgica, en Pozuelo de Alarcón.'),
(256, 'Dos Castillas', 'Vía de las Dos Castillas, 11', 'Dos Castillas es una estación de la línea ML-2 de Metro Ligero Oeste situada en la vía homónima de Pozuelo de Alarcón.'),
(257, 'Campus de Somosaguas', 'Avda. del Cerro, s/n. Cerca de la Facultad de Psicología y de la Facultad de Ciencias Económicas y Empresariales.', 'Campus de Somosaguas es una estación de la línea ML-2 de Metro Ligero Oeste situada en el campus universitario de Somosaguas de la Universidad Complutense de Madrid, ubicado en el término municipal de Pozuelo de Alarcón.'),
(258, 'Avenida de Europa', 'Avda. Comunidad de Madrid, 3 (esquina Avda. de Europa)', 'Avenida de Europa es una estación de la línea ML-2 de Metro Ligero Oeste situada bajo la intersección de las avenidas de la Comunidad de Madrid y de Europa, en Pozuelo de Alarcón.'),
(259, 'Berna', 'Avda. Carlos III, s/n (con Avda. Europa). Cerca de C/ Plutón', 'Berna es una estación de la línea ML-2 de Metro Ligero Oeste situada junto a la Avenida Carlos III, próxima a la calle que le da nombre, ubicada dentro de Pozuelo de Alarcón. A 200 metros se encuentra el límite con el término municipal de Madrid (a través del barrio de Aravaca).'),
(260, 'Estación de Aravaca', 'Avda. Talgo, 236', 'Aravaca es una estación ferroviaria española situada en el distrito madrileño de Moncloa-Aravaca, en el barrio de Aravaca. Forma parte de las líneas C-7 y C-10 de Cercanías Madrid. Aravaca es también el nombre de una estación de la línea 2 del Metro Ligero Oeste cuyo terminal se encuentra a escasos metros de la estación de cercanías.'),
(261, 'Ciudad de la Imagen', 'C/ Juan de Orduña, 2', 'Ciudad de la Imagen es una estación de la línea ML-3 de Metro Ligero Oeste situada en el barrio homónimo de Pozuelo de Alarcón, junto a la calle Juan de Orduña.'),
(262, 'José Isbert', 'C/ José Isbert, 2', 'José Isbert es una estación de la línea ML-3 de Metro Ligero Oeste situada en la Ciudad de la Imagen (Pozuelo de Alarcón), junto a la calle que le da nombre.'),
(263, 'Ciudad del Cine', 'C/ José Isbert, 20', 'Ciudad del Cine es una estación de la línea ML-3 de Metro Ligero Oeste situada junto al área de ocio Kinépolis, en la Ciudad de la Imagen (Pozuelo de Alarcón).'),
(264, 'Cocheras', 'C/ Edgar Neville, 9', 'Cocheras es una estación de la línea ML-3 de Metro Ligero Oeste situada junto a las cocheras del Metro Ligero, en la prolongación de la calle Edgar Neville, al oeste de la Ciudad de la Imagen de Pozuelo de Alarcón'),
(265, 'Retamares', 'Ctra. de Madrid a Boadilla del Monte (M-511), km. 3,2 (sentido creciente)', 'Retamares es una estación de la línea ML-3 de Metro Ligero Oeste situada junto a la carretera M-511 (Madrid-Boadilla del Monte) y los cuarteles de Retamares, en el término municipal de Pozuelo de Alarcón.'),
(266, 'Montepríncipe', 'Avda. Montepríncipe, s/n', 'Montepríncipe es una estación de la línea ML-3 de Metro Ligero Oeste situada en perpendicular a la avenida del mismo nombre, en el extremo sur de la urbanización de Montepríncipe, en el término municipal de Alcorcón, próxima a la Escuela Politécnica Superior de la Universidad CEU San Pablo.'),
(267, 'Ventorro del Cano', 'Avda. Tranvía, s/n (con C/ Arroyomolinos)', 'Ventorro del Cano es una estación de la línea ML-3 de Metro Ligero Oeste situada en la intersección de la avenida del Tranvía con la calle Arroyomolinos, dentro del polígono industrial que da nombre a la estación, perteneciente al término municipal de Alcorcón.'),
(268, 'Prado del Espino', 'C/ Labradores, s/n', 'Prado del Espino es una estación de la línea ML-3 del Metro Ligero Oeste situada en la calle Labradores, dentro del polígono industrial Prado del Espino de Boadilla del Monte.'),
(269, 'Cantabria', 'Avda. Cantabria, s/n', 'Cantabria es una estación de la línea ML-3 del Metro Ligero Oeste situada junto a la avenida del mismo nombre, frente a la ciudad financiera del Banco Santander,[1]​ al oeste del polígono industrial Prado del Espino de Boadilla del Monte.'),
(270, 'Ferial de Boadilla', 'Ctra. de Boadilla a Villaviciosa de Odón. Cerca de C/ Santillana del Mar', 'Ferial de Boadilla es una estación de la línea ML-3 del Metro Ligero Oeste situada junto a la carretera de Villaviciosa, junto al Zoco de Boadilla del Monte y próxima al recinto ferial de la localidad.'),
(271, 'Boadilla Centro', 'Carretera de Majadahonda, 40. Cerca de C/ Alberca', 'Boadilla Centro es una estación de la línea ML-3 del Metro Ligero Oeste situada junto a la carretera de Majadahonda (M-516), próxima a la intersección con las calles Alberca y Nájera, muy cerca del centro de Boadilla del Monte.'),
(272, 'Nuevo Mundo', 'Avda. Nuevo Mundo, 6B', 'Nuevo Mundo es una estación de la línea ML-3 del Metro Ligero Oeste situada en la avenida homónima de Boadilla del Monte. '),
(273, 'Siglo XXI', 'Avda. Siglo XXI, 2', 'Siglo XXI es una estación de la línea ML-3 del Metro Ligero Oeste situada en la avenida homónima de Boadilla del Monte.'),
(274, 'Infante Don Luis', 'Avda. Siglo XXI, 8. Junto a Avda. Infante Don Luis', 'Infante Don Luis es una estación de la línea ML-3 del Metro Ligero Oeste situada en el bulevar central de la avenida del Siglo XXI, junto a la intersección con la avenida que da nombre a la estación, en el barrio Siglo XXI de Boadilla del Monte.'),
(275, 'Puerta de Boadilla', 'Avda. Víctimas del Terrorismo, s/n. Junto a la Gta. Virgen de la Paz', 'Puerta de Boadilla es una estación de la línea ML-3 del Metro Ligero Oeste situada en la glorieta de la Virgen de la Paz, en el barrio de nueva creación Siglo XXI de Boadilla del Monte.');

--
-- Truncar tablas antes de insertar `estaciones_caracteristicas`
--

TRUNCATE TABLE `estaciones_caracteristicas`;
--
-- Volcado de datos para la tabla `estaciones_caracteristicas`
--

INSERT INTO `estaciones_caracteristicas` (`caracteristica_id`, `estacion_id`, `valor`) VALUES
(1, 1, 1),
(1, 2, 1),
(1, 12, 1),
(1, 14, 1),
(1, 15, 1),
(1, 16, 1),
(1, 17, 1),
(1, 18, 1),
(1, 19, -1),
(1, 22, -1),
(1, 23, 1),
(1, 25, 1),
(1, 28, -1),
(1, 29, 1),
(1, 30, 1),
(1, 31, 1),
(1, 32, 1),
(1, 34, 1),
(1, 36, 1),
(1, 38, 1),
(1, 39, 1),
(1, 41, 1),
(1, 42, 1),
(1, 43, 1),
(1, 44, 1),
(1, 49, 1),
(1, 50, 1),
(1, 53, -1),
(1, 54, 1),
(1, 55, 1),
(1, 56, 1),
(1, 57, 1),
(1, 58, 1),
(1, 60, 1),
(1, 61, 1),
(1, 62, 1),
(1, 64, 1),
(1, 65, 1),
(1, 69, 1),
(1, 76, 1),
(1, 77, 1),
(1, 78, 1),
(1, 80, 1),
(1, 82, 1),
(1, 83, 1),
(1, 84, -1),
(1, 85, 1),
(1, 86, 1),
(1, 88, 1),
(1, 89, 1),
(1, 90, 1),
(1, 91, -1),
(1, 92, 1),
(1, 94, 1),
(1, 96, 1),
(1, 98, -1),
(1, 99, 1),
(1, 102, 1),
(1, 106, 1),
(1, 107, 1),
(1, 108, 1),
(1, 109, 1),
(1, 113, 1),
(1, 118, 1),
(1, 119, 1),
(1, 120, 1),
(1, 122, 1),
(1, 124, 1),
(1, 125, 1),
(1, 135, -1),
(1, 136, 1),
(1, 137, 1),
(1, 139, 1),
(1, 141, -1),
(1, 143, -1),
(1, 144, 1),
(1, 145, 1),
(1, 146, 1),
(1, 148, 1),
(1, 150, 1),
(1, 152, 1),
(1, 153, 1),
(1, 154, 1),
(1, 155, 1),
(1, 156, 1),
(1, 157, 1),
(1, 158, -1),
(1, 159, 1),
(1, 160, 1),
(1, 162, 1),
(1, 163, 1),
(1, 164, 1),
(1, 166, 1),
(1, 167, 1),
(1, 168, -1),
(1, 169, 1),
(1, 170, -1),
(1, 171, 1),
(1, 172, 1),
(1, 178, 1),
(1, 180, 1),
(1, 185, 1),
(1, 186, 1),
(1, 189, 1),
(1, 190, 1),
(1, 192, 1),
(1, 194, 1),
(1, 195, 1),
(1, 196, 1),
(1, 198, 1),
(1, 200, 1),
(1, 205, 1),
(1, 206, 1),
(1, 207, 1),
(1, 208, 1),
(1, 209, 1),
(1, 211, 1),
(1, 212, 1),
(1, 214, 1),
(1, 215, 1),
(1, 217, -1),
(1, 219, 1),
(1, 220, 1),
(1, 221, 1),
(1, 224, 1),
(1, 226, 1),
(1, 227, -1),
(1, 228, 1),
(1, 231, 1),
(1, 232, 1),
(1, 233, 1),
(1, 234, 1),
(1, 236, 1),
(1, 237, 1),
(1, 238, 1),
(1, 239, 1),
(1, 240, 1),
(1, 241, 1),
(1, 246, -1),
(1, 247, 1),
(1, 250, 1),
(1, 258, 1),
(1, 259, 1),
(1, 264, 1),
(1, 267, 1),
(2, 1, 1),
(2, 2, 1),
(2, 5, -1),
(2, 6, 1),
(2, 7, -1),
(2, 8, -1),
(2, 9, 1),
(2, 10, -1),
(2, 14, 1),
(2, 15, 1),
(2, 21, 1),
(2, 25, 1),
(2, 28, 1),
(2, 31, 1),
(2, 32, 1),
(2, 33, 1),
(2, 41, 1),
(2, 42, -1),
(2, 43, 1),
(2, 44, 1),
(2, 47, 1),
(2, 48, -1),
(2, 49, 1),
(2, 50, 1),
(2, 52, 1),
(2, 56, 1),
(2, 57, 1),
(2, 58, 1),
(2, 60, -1),
(2, 61, 1),
(2, 62, 1),
(2, 64, 1),
(2, 65, 1),
(2, 66, 1),
(2, 67, 1),
(2, 71, -1),
(2, 76, 1),
(2, 84, 1),
(2, 86, 1),
(2, 88, 1),
(2, 89, 1),
(2, 95, 1),
(2, 97, 1),
(2, 107, 1),
(2, 108, 1),
(2, 114, 1),
(2, 118, 1),
(2, 120, 1),
(2, 123, 1),
(2, 124, 1),
(2, 128, 1),
(2, 129, 1),
(2, 131, 1),
(2, 133, -1),
(2, 134, 1),
(2, 137, 1),
(2, 139, 1),
(2, 144, -1),
(2, 148, 1),
(2, 150, 1),
(2, 152, 1),
(2, 153, 1),
(2, 154, 1),
(2, 155, 1),
(2, 158, -1),
(2, 159, 1),
(2, 160, 1),
(2, 162, 1),
(2, 163, 1),
(2, 164, 1),
(2, 170, -1),
(2, 172, 1),
(2, 181, -1),
(2, 183, 1),
(2, 186, -1),
(2, 190, 1),
(2, 192, 1),
(2, 193, 1),
(2, 194, 1),
(2, 195, 1),
(2, 196, 1),
(2, 197, 1),
(2, 198, 1),
(2, 199, 1),
(2, 200, -1),
(2, 201, -1),
(2, 202, -1),
(2, 203, -1),
(2, 204, -1),
(2, 205, -1),
(2, 206, 1),
(2, 208, 1),
(2, 209, 1),
(2, 210, -1),
(2, 211, -1),
(2, 213, -1),
(2, 214, 1),
(2, 215, 1),
(2, 217, 1),
(2, 220, -1),
(2, 221, 1),
(2, 223, 1),
(2, 224, 1),
(2, 226, 1),
(2, 227, -1),
(2, 228, 1),
(2, 231, -1),
(2, 232, 1),
(2, 234, 1),
(2, 235, 1),
(2, 236, 1),
(2, 237, 1),
(2, 238, -1),
(2, 239, 1),
(2, 240, 1),
(2, 242, 1),
(2, 243, -1),
(2, 245, -1),
(2, 246, -1),
(2, 248, 1),
(2, 258, 1),
(2, 260, -1),
(2, 264, 1),
(3, 1, 1),
(3, 2, 1),
(3, 5, -1),
(3, 7, 1),
(3, 8, -1),
(3, 12, 1),
(3, 13, -1),
(3, 14, 1),
(3, 15, 1),
(3, 17, -1),
(3, 18, -1),
(3, 19, 1),
(3, 20, -1),
(3, 21, -1),
(3, 23, -1),
(3, 24, -1),
(3, 25, 1),
(3, 26, -1),
(3, 28, 1),
(3, 29, 1),
(3, 30, 1),
(3, 32, 1),
(3, 33, 1),
(3, 34, 1),
(3, 35, -1),
(3, 36, 1),
(3, 37, 1),
(3, 39, -1),
(3, 40, 1),
(3, 41, 1),
(3, 42, 1),
(3, 44, 1),
(3, 45, -1),
(3, 47, 1),
(3, 48, 1),
(3, 49, 1),
(3, 50, 1),
(3, 52, -1),
(3, 54, 1),
(3, 60, 1),
(3, 62, 1),
(3, 63, 1),
(3, 64, 1),
(3, 65, 1),
(3, 66, 1),
(3, 67, 1),
(3, 68, 1),
(3, 69, 1),
(3, 70, 1),
(3, 71, -1),
(3, 72, -1),
(3, 73, -1),
(3, 77, -1),
(3, 78, -1),
(3, 80, -1),
(3, 81, 1),
(3, 82, 1),
(3, 86, 1),
(3, 91, 1),
(3, 93, -1),
(3, 97, -1),
(3, 99, -1),
(3, 100, -1),
(3, 102, 1),
(3, 103, -1),
(3, 104, -1),
(3, 105, -1),
(3, 108, 1),
(3, 115, -1),
(3, 117, -1),
(3, 118, 1),
(3, 120, 1),
(3, 124, -1),
(3, 125, 1),
(3, 126, -1),
(3, 127, -1),
(3, 128, -1),
(3, 136, 1),
(3, 143, -1),
(3, 144, 1),
(3, 149, 1),
(3, 150, 1),
(3, 153, 1),
(3, 155, 1),
(3, 156, 1),
(3, 157, 1),
(3, 160, 1),
(3, 162, -1),
(3, 163, 1),
(3, 164, -1),
(3, 165, 1),
(3, 166, 1),
(3, 168, -1),
(3, 176, 1),
(3, 182, -1),
(3, 187, -1),
(3, 188, 1),
(3, 189, 1),
(3, 194, 1),
(3, 196, 1),
(3, 197, 1),
(3, 198, 1),
(3, 199, 1),
(3, 201, -1),
(3, 204, -1),
(3, 205, 1),
(3, 207, 1),
(3, 208, 1),
(3, 209, 1),
(3, 211, -1),
(3, 212, 1),
(3, 213, 1),
(3, 214, 1),
(3, 215, 1),
(3, 216, 1),
(3, 217, 1),
(3, 219, 1),
(3, 221, 1),
(3, 222, 1),
(3, 223, 1),
(3, 224, 1),
(3, 225, 1),
(3, 226, 1),
(3, 227, 1),
(3, 228, 1),
(3, 231, 1),
(3, 232, 1),
(3, 235, 1),
(3, 236, 1),
(3, 238, 1),
(3, 239, 1),
(3, 240, 1),
(3, 241, 1),
(3, 247, 1),
(3, 258, 1),
(3, 260, 1),
(3, 264, 1),
(4, 4, 1),
(4, 14, 1),
(4, 16, 1),
(4, 19, 1),
(4, 22, 1),
(4, 23, 1),
(4, 30, 1),
(4, 31, 1),
(4, 36, 1),
(4, 39, 1),
(4, 41, 1),
(4, 42, 1),
(4, 44, 1),
(4, 46, 1),
(4, 49, 1),
(4, 53, 1),
(4, 54, 1),
(4, 56, 1),
(4, 57, 1),
(4, 58, 1),
(4, 61, 1),
(4, 62, 1),
(4, 64, 1),
(4, 68, 1),
(4, 71, 1),
(4, 72, 1),
(4, 84, 1),
(4, 87, 1),
(4, 88, 1),
(4, 96, -1),
(4, 98, 1),
(4, 99, 1),
(4, 102, 1),
(4, 121, 1),
(4, 126, 1),
(4, 129, 1),
(4, 130, 1),
(4, 139, 1),
(4, 141, 1),
(4, 146, 1),
(4, 148, 1),
(4, 159, 1),
(4, 160, 1),
(4, 161, 1),
(4, 166, 1),
(4, 169, 1),
(4, 170, 1),
(4, 174, 1),
(4, 177, 1),
(4, 181, 1),
(4, 199, 1),
(4, 208, 1),
(4, 211, -1),
(4, 215, 1),
(4, 216, 1),
(4, 223, 1),
(4, 226, 1),
(4, 227, 1),
(4, 232, 1),
(4, 236, 1),
(4, 238, 1),
(4, 243, 1),
(4, 245, -1),
(4, 258, 1),
(4, 260, 1),
(4, 264, 1),
(4, 266, 1),
(5, 1, 1),
(5, 2, 1),
(5, 4, 1),
(5, 5, 1),
(5, 6, -1),
(5, 7, -1),
(5, 9, 1),
(5, 10, 1),
(5, 11, 1),
(5, 13, 1),
(5, 14, 1),
(5, 15, 1),
(5, 20, 1),
(5, 22, 1),
(5, 25, 1),
(5, 26, 1),
(5, 28, 1),
(5, 29, 1),
(5, 30, 1),
(5, 31, 1),
(5, 32, 1),
(5, 34, 1),
(5, 36, -1),
(5, 37, -1),
(5, 38, 1),
(5, 40, 1),
(5, 41, -1),
(5, 42, 1),
(5, 43, 1),
(5, 44, -1),
(5, 46, -1),
(5, 47, 1),
(5, 48, 1),
(5, 49, 1),
(5, 50, 1),
(5, 54, 1),
(5, 58, 1),
(5, 60, 1),
(5, 62, 1),
(5, 64, 1),
(5, 66, 1),
(5, 68, 1),
(5, 70, 1),
(5, 71, -1),
(5, 72, -1),
(5, 78, 1),
(5, 79, -1),
(5, 81, -1),
(5, 82, 1),
(5, 83, 1),
(5, 85, 1),
(5, 89, 1),
(5, 90, -1),
(5, 91, -1),
(5, 93, -1),
(5, 95, -1),
(5, 98, 1),
(5, 99, 1),
(5, 101, -1),
(5, 102, 1),
(5, 105, 1),
(5, 107, -1),
(5, 109, 1),
(5, 110, 1),
(5, 114, 1),
(5, 115, -1),
(5, 117, -1),
(5, 119, 1),
(5, 120, 1),
(5, 121, 1),
(5, 123, 1),
(5, 126, -1),
(5, 127, 1),
(5, 128, 1),
(5, 131, 1),
(5, 138, 1),
(5, 139, 1),
(5, 140, -1),
(5, 141, -1),
(5, 143, -1),
(5, 145, -1),
(5, 146, -1),
(5, 148, 1),
(5, 149, 1),
(5, 151, 1),
(5, 153, 1),
(5, 156, 1),
(5, 157, 1),
(5, 158, -1),
(5, 159, 1),
(5, 160, 1),
(5, 162, 1),
(5, 164, 1),
(5, 165, 1),
(5, 167, -1),
(5, 170, 1),
(5, 171, 1),
(5, 174, -1),
(5, 175, 1),
(5, 178, 1),
(5, 180, 1),
(5, 185, 1),
(5, 187, 1),
(5, 188, 1),
(5, 189, 1),
(5, 194, 1),
(5, 198, 1),
(5, 199, 1),
(5, 200, 1),
(5, 201, 1),
(5, 202, -1),
(5, 203, 1),
(5, 204, 1),
(5, 205, 1),
(5, 206, 1),
(5, 207, 1),
(5, 209, 1),
(5, 210, 1),
(5, 211, 1),
(5, 212, 1),
(5, 213, 1),
(5, 214, 1),
(5, 215, 1),
(5, 216, 1),
(5, 217, 1),
(5, 220, 1),
(5, 222, 1),
(5, 226, 1),
(5, 227, 1),
(5, 228, 1),
(5, 231, 1),
(5, 232, 1),
(5, 233, 1),
(5, 235, 1),
(5, 236, 1),
(5, 238, 1),
(5, 239, 1),
(5, 240, 1),
(5, 241, 1),
(5, 246, 1),
(5, 247, 1),
(5, 248, 1),
(5, 258, 1),
(5, 260, 1),
(6, 1, -1),
(6, 6, 1),
(6, 9, -1),
(6, 11, 1),
(6, 12, -1),
(6, 14, -1),
(6, 15, -1),
(6, 18, -1),
(6, 19, -1),
(6, 21, 1),
(6, 22, -1),
(6, 27, 1),
(6, 32, -1),
(6, 35, -1),
(6, 39, -1),
(6, 41, -1),
(6, 42, -1),
(6, 44, -1),
(6, 46, -1),
(6, 48, 1),
(6, 52, -1),
(6, 53, -1),
(6, 55, -1),
(6, 56, -1),
(6, 57, -1),
(6, 58, -1),
(6, 59, 1),
(6, 60, -1),
(6, 63, -1),
(6, 74, -1),
(6, 77, -1),
(6, 83, -1),
(6, 98, 1),
(6, 101, -1),
(6, 102, -1),
(6, 104, 1),
(6, 105, -1),
(6, 106, -1),
(6, 116, -1),
(6, 119, 1),
(6, 120, -1),
(6, 121, -1),
(6, 122, -1),
(6, 123, 1),
(6, 124, -1),
(6, 127, -1),
(6, 131, -1),
(6, 134, 1),
(6, 137, -1),
(6, 144, -1),
(6, 148, -1),
(6, 152, -1),
(6, 162, 1),
(6, 164, 1),
(6, 165, 1),
(6, 168, -1),
(6, 192, -1),
(6, 198, -1),
(6, 205, 1),
(6, 211, 1),
(6, 220, -1),
(6, 221, -1),
(6, 231, -1),
(6, 236, -1),
(6, 237, -1),
(6, 241, 1),
(6, 248, -1),
(6, 257, -1),
(7, 5, 1),
(7, 20, 1),
(7, 21, 1),
(7, 29, 1),
(7, 30, 1),
(7, 33, 1),
(7, 38, 1),
(7, 49, 1),
(7, 66, 1),
(7, 80, 1),
(7, 89, 1),
(7, 129, 1),
(7, 145, 1),
(7, 146, 1),
(7, 156, 1),
(7, 157, 1),
(7, 163, 1),
(7, 164, 1),
(7, 174, 1),
(7, 176, 1),
(7, 179, 1),
(7, 190, 1),
(7, 201, 1),
(7, 205, 1),
(7, 210, 1),
(7, 224, 1),
(7, 235, 1),
(7, 267, 1),
(8, 9, 1),
(8, 33, 1),
(8, 45, -1),
(8, 118, 1),
(8, 125, -1),
(8, 131, -1),
(8, 178, 1),
(8, 187, -1),
(8, 234, 1),
(8, 275, 1),
(9, 1, 1),
(9, 10, 1),
(9, 14, 1),
(9, 15, 1),
(9, 33, 1),
(9, 43, -1),
(9, 46, 1),
(9, 56, 1),
(9, 61, 1),
(9, 81, 1),
(9, 90, 1),
(9, 97, 1),
(9, 124, -1),
(9, 151, 1),
(9, 155, 1),
(9, 195, 1),
(9, 207, -1),
(9, 213, 1),
(9, 214, 1),
(9, 215, 1),
(9, 221, 1),
(9, 222, 1),
(9, 241, 1),
(10, 1, 1),
(10, 2, 1),
(10, 5, 1),
(10, 6, 1),
(10, 8, 1),
(10, 9, 1),
(10, 13, 1),
(10, 16, 1),
(10, 21, 1),
(10, 23, 1),
(10, 25, 1),
(10, 27, 1),
(10, 28, 1),
(10, 29, 1),
(10, 33, 1),
(10, 34, 1),
(10, 35, 1),
(10, 38, 1),
(10, 39, 1),
(10, 40, 1),
(10, 41, 1),
(10, 44, 1),
(10, 45, 1),
(10, 46, 1),
(10, 48, 1),
(10, 49, 1),
(10, 53, 1),
(10, 55, 1),
(10, 58, 1),
(10, 59, 1),
(10, 60, 1),
(10, 61, 1),
(10, 62, 1),
(10, 63, 1),
(10, 64, 1),
(10, 65, 1),
(10, 66, 1),
(10, 68, 1),
(10, 70, 1),
(10, 74, 1),
(10, 75, 1),
(10, 76, 1),
(10, 78, 1),
(10, 79, 1),
(10, 80, 1),
(10, 82, 1),
(10, 83, 1),
(10, 84, 1),
(10, 85, 1),
(10, 86, 1),
(10, 87, 1),
(10, 88, 1),
(10, 90, 1),
(10, 92, -1),
(10, 93, 1),
(10, 94, 1),
(10, 95, 1),
(10, 98, 1),
(10, 100, 1),
(10, 101, 1),
(10, 102, 1),
(10, 103, 1),
(10, 105, 1),
(10, 106, -1),
(10, 107, 1),
(10, 109, 1),
(10, 110, 1),
(10, 111, 1),
(10, 112, 1),
(10, 113, 1),
(10, 116, 1),
(10, 118, 1),
(10, 119, 1),
(10, 120, 1),
(10, 123, 1),
(10, 124, 1),
(10, 125, 1),
(10, 126, 1),
(10, 127, 1),
(10, 130, -1),
(10, 131, 1),
(10, 137, 1),
(10, 138, 1),
(10, 140, 1),
(10, 142, 1),
(10, 144, 1),
(10, 145, 1),
(10, 147, -1),
(10, 148, 1),
(10, 149, 1),
(10, 150, 1),
(10, 151, 1),
(10, 156, 1),
(10, 157, 1),
(10, 159, 1),
(10, 160, 1),
(10, 165, 1),
(10, 167, 1),
(10, 169, 1),
(10, 171, 1),
(10, 173, 1),
(10, 177, -1),
(10, 178, 1),
(10, 181, 1),
(10, 183, 1),
(10, 192, 1),
(10, 193, 1),
(10, 195, 1),
(10, 199, 1),
(10, 200, 1),
(10, 201, 1),
(10, 202, 1),
(10, 203, 1),
(10, 205, 1),
(10, 206, 1),
(10, 207, 1),
(10, 208, 1),
(10, 209, 1),
(10, 212, 1),
(10, 213, 1),
(10, 214, 1),
(10, 215, 1),
(10, 217, 1),
(10, 221, 1),
(10, 222, 1),
(10, 224, 1),
(10, 225, 1),
(10, 227, 1),
(10, 228, 1),
(10, 231, 1),
(10, 232, 1),
(10, 235, 1),
(10, 237, 1),
(10, 238, 1),
(10, 240, 1),
(10, 241, 1),
(10, 246, 1),
(10, 247, 1),
(10, 264, 1),
(11, 8, 1),
(11, 11, 1),
(11, 15, 1),
(11, 17, 1),
(11, 18, 1),
(11, 20, 1),
(11, 21, 1),
(11, 23, 1),
(11, 26, 1),
(11, 31, 1),
(11, 35, 1),
(11, 40, 1),
(11, 46, 1),
(11, 47, 1),
(11, 48, 1),
(11, 49, 1),
(11, 50, 1),
(11, 51, 1),
(11, 53, 1),
(11, 54, 1),
(11, 57, 1),
(11, 58, 1),
(11, 60, 1),
(11, 62, 1),
(11, 64, 1),
(11, 65, 1),
(11, 76, 1),
(11, 78, 1),
(11, 88, 1),
(11, 90, 1),
(11, 97, 1),
(11, 101, 1),
(11, 103, 1),
(11, 105, 1),
(11, 107, 1),
(11, 115, 1),
(11, 117, 1),
(11, 120, 1),
(11, 122, 1),
(11, 129, 1),
(11, 135, -1),
(11, 136, -1),
(11, 137, 1),
(11, 140, 1),
(11, 143, 1),
(11, 150, 1),
(11, 154, 1),
(11, 159, 1),
(11, 160, 1),
(11, 170, 1),
(11, 174, 1),
(11, 178, 1),
(11, 181, 1),
(11, 183, 1),
(11, 185, 1),
(11, 187, 1),
(11, 209, 1),
(11, 219, 1),
(11, 222, 1),
(11, 226, 1),
(11, 228, 1),
(11, 231, 1),
(11, 232, 1),
(11, 233, 1),
(11, 235, 1),
(11, 258, 1),
(11, 266, 1);

--
-- Truncar tablas antes de insertar `estaciones_lineas`
--

TRUNCATE TABLE `estaciones_lineas`;
--
-- Volcado de datos para la tabla `estaciones_lineas`
--

INSERT INTO `estaciones_lineas` (`estacion_id`, `linea_id`, `orden`) VALUES
(1, 1, 1),
(2, 1, 2),
(3, 1, 3),
(4, 1, 4),
(5, 1, 5),
(6, 1, 6),
(7, 1, 7),
(8, 1, 8),
(9, 1, 9),
(10, 1, 10),
(11, 1, 11),
(12, 1, 12),
(13, 1, 13),
(14, 1, 14),
(15, 1, 15),
(16, 1, 16),
(17, 1, 17),
(18, 1, 18),
(19, 1, 19),
(20, 1, 20),
(21, 1, 21),
(22, 1, 22),
(23, 1, 23),
(24, 1, 24),
(25, 1, 25),
(26, 1, 26),
(27, 1, 27),
(28, 1, 28),
(29, 1, 29),
(30, 1, 30),
(31, 1, 31),
(32, 1, 32),
(33, 1, 33),
(9, 2, 1),
(34, 2, 2),
(35, 2, 3),
(36, 2, 4),
(37, 2, 5),
(38, 2, 6),
(39, 2, 7),
(15, 2, 8),
(40, 2, 9),
(41, 2, 10),
(42, 2, 11),
(43, 2, 12),
(44, 2, 13),
(45, 2, 14),
(46, 2, 15),
(47, 2, 16),
(48, 2, 17),
(49, 2, 18),
(50, 2, 19),
(51, 2, 20),
(52, 3, 1),
(53, 3, 2),
(54, 3, 3),
(55, 3, 4),
(56, 3, 5),
(15, 3, 6),
(57, 3, 7),
(58, 3, 8),
(59, 3, 9),
(60, 3, 10),
(61, 3, 11),
(62, 3, 12),
(63, 3, 13),
(64, 3, 14),
(65, 3, 15),
(66, 3, 16),
(67, 3, 17),
(68, 3, 18),
(69, 3, 19),
(53, 4, 1),
(36, 4, 2),
(12, 4, 3),
(70, 4, 4),
(71, 4, 5),
(72, 4, 6),
(73, 4, 7),
(44, 4, 8),
(74, 4, 9),
(75, 4, 10),
(76, 4, 11),
(77, 4, 12),
(78, 4, 13),
(79, 4, 14),
(80, 4, 15),
(81, 4, 16),
(82, 4, 17),
(83, 4, 18),
(84, 4, 19),
(85, 4, 20),
(86, 4, 21),
(87, 4, 22),
(1, 4, 23),
(88, 5, 1),
(89, 5, 2),
(90, 5, 3),
(91, 5, 4),
(92, 5, 5),
(93, 5, 6),
(94, 5, 7),
(95, 5, 8),
(96, 5, 9),
(46, 5, 10),
(75, 5, 11),
(97, 5, 12),
(98, 5, 13),
(70, 5, 14),
(99, 5, 15), 
(14, 5, 16),
(56, 5, 17),
(39, 5, 18),
(100, 5, 19),
(101, 5, 20),
(58, 5, 21),
(102, 5, 22),
(103, 5, 23),
(104, 5, 24),
(105, 5, 25),
(106, 5, 26),
(107, 5, 27),
(108, 5, 28),
(109, 5, 29),
(110, 5, 30),
(111, 5, 31),
(112, 5, 32),
(113, 6, 1),
(114, 6, 2),
(105, 6, 3),
(115, 6, 4),
(116, 6, 5),
(117, 6, 6),
(61, 6, 7),
(118, 6, 8),
(119, 6, 9),
(21, 6, 10),
(120, 6, 11),
(121, 6, 12),
(122, 6, 13),
(45, 6, 14),
(75, 6, 15),
(76, 6, 16),
(123, 6, 17),
(124, 6, 18),
(9, 6, 19),
(125, 6, 20),
(126, 6, 21),
(127, 6, 22),
(52, 6, 23),
(53, 6, 24),
(128, 6, 25),
(129, 6, 26),
(130, 6, 27),
(131, 6, 28),
(132, 7, 1),
(133, 7, 2),
(134, 7, 3),
(135, 7, 4),
(136, 7, 5),
(137, 7, 6),
(138, 7, 7),
(139, 7, 8),
(140, 7, 9),
(141, 7, 10),
(142, 7, 11),
(143, 7, 12),
(144, 7, 13),
(94, 7, 14),
(145, 7, 15),
(146, 7, 16),
(147, 7, 17),
(76, 7, 18),
(148, 7, 19),
(149, 7, 20),
(34, 7, 21),
(150, 7, 22),
(125, 7, 23),
(151, 7, 24),
(152, 7, 25),
(153, 7, 26),
(154, 7, 27),
(155, 7, 28),
(156, 7, 29),
(157, 7, 30),
(158, 7, 31),
(124, 8, 1),
(159, 8, 2),
(160, 8, 3),
(83, 8, 4),
(161, 8, 5),
(162, 8, 6),
(163, 8, 7),
(164, 8, 8),
(165, 9, 1),
(166, 9, 2),
(167, 9, 3),
(168, 9, 4),
(169, 9, 5),
(4, 9, 6),
(170, 9, 7),
(171, 9, 8),
(159, 9, 9),
(172, 9, 10),
(173, 9, 11),
(76, 9, 12),
(97, 9, 13),
(43, 9, 14),
(174, 9, 15),
(121, 9, 16),
(175, 9, 17),
(176, 9, 18),
(177, 9, 19),
(178, 9, 20),
(179, 9, 21),
(180, 9, 22),
(181, 9, 23),
(182, 9, 24),
(183, 9, 25),
(184, 9, 26),
(185, 9, 27),
(186, 9, 28),
(187, 9, 29),
(188, 10, 1),
(189, 10, 2),
(190, 10, 3),
(191, 10, 4),
(192, 10, 5),
(193, 10, 6),
(194, 10, 7),
(195, 10, 8),
(196, 10, 9),
(197, 10, 10),
(198, 10, 11),
(199, 10, 12),
(200, 10, 13),
(3, 10, 14),
(4, 10, 15),
(201, 10, 16),
(202, 10, 17),
(124, 10, 18),
(148, 10, 19),
(70, 10, 20),
(13, 10, 21),
(55, 10, 22),
(128, 10, 23),
(203, 10, 24),
(204, 10, 25),
(112, 10, 26),
(205, 10, 27),
(206, 10, 28),
(207, 10, 29),
(208, 10, 30),
(209, 10, 31),
(116, 11, 1),
(210, 11, 2), 
(211, 11, 3),
(212, 11, 4),
(213, 11, 5),
(214, 11, 6),
(215, 11, 7),
(209, 12, 1),
(216, 12, 2),
(217, 12, 3),
(218, 12, 4),
(219, 12, 5),
(220, 12, 6),
(221, 12, 7),
(222, 12, 8),
(223, 12, 9),
(224, 12, 10),
(225, 12, 11),
(226, 12, 12),
(227, 12, 13),
(228, 12, 14),
(229, 12, 15),
(230, 12, 16),
(231, 12, 17),
(232, 12, 18),
(233, 12, 19),
(69, 12, 20),
(234, 12, 21),
(235, 12, 22),
(236, 12, 23),
(237, 12, 24),
(238, 12, 25),
(239, 12, 26),
(240, 12, 27),
(241, 12, 28),
(39, 13, 1),
(128, 13, 2),
(1, 14, 1),
(242, 14, 2),
(243, 14, 3),
(244, 14, 4),
(245, 14, 5),
(246, 14, 6),
(247, 14, 7),
(248, 14, 8),
(196, 14, 9),
(205, 15, 1),
(249, 15, 2),
(250, 15, 3),
(251, 15, 4),
(252, 15, 5),
(253, 15, 6),
(254, 15, 7),
(255, 15, 8),
(256, 15, 9),
(257, 15, 10),
(258, 15, 11),
(259, 15, 12),
(260, 15, 13),
(205, 16, 1),
(261, 16, 2),
(262, 16, 3),
(263, 16, 4),
(264, 16, 5),
(265, 16, 6),
(266, 16, 7),
(267, 16, 8),
(268, 16, 9),
(269, 16, 10),
(270, 16, 11),
(271, 16, 12),
(272, 16, 13),
(273, 16, 14),
(274, 16, 15),
(275, 16, 16);


--
-- Truncar tablas antes de insertar `lineas`
--

TRUNCATE TABLE `lineas`;
--
-- Volcado de datos para la tabla `lineas`
--

INSERT INTO `lineas` (`id`, `nombre`, `siglas`, `color`) VALUES
(1, 'Línea 1', '1', '3cb4e6'),
(2, 'Línea 2', '2', 'e1251a'),
(3, 'Línea 3', '3', 'ffcd00'),
(4, 'Línea 4', '4', 'a65a29'),
(5, 'Línea 5', '5', '80bd00'),
(6, 'Línea 6', '6', '7b868c'),
(7, 'Línea 7', '7', 'ff8202'),
(8, 'Línea 8', '8', 'ee6fbc'),
(9, 'Línea 9', '9', 'b11cab'),
(10, 'Línea 10', '10', '003da7'),
(11, 'Línea 11', '11', '00953b'),
(12, 'Línea 12', '12', 'a19300'),
(13, 'Ramal', 'R', '0042a5'),
(14, 'Metro Ligero 1', 'L1', '5f87c0'),
(15, 'Metro Ligero 2', 'L2', '9e2f8a'),
(16, 'Metro Ligero 3', 'L3', 'e34a3a');
COMMIT;

/*!40101 SET CHARACTER_SET_CLIENT=@OLD_CHARACTER_SET_CLIENT */;
/*!40101 SET CHARACTER_SET_RESULTS=@OLD_CHARACTER_SET_RESULTS */;
/*!40101 SET COLLATION_CONNECTION=@OLD_COLLATION_CONNECTION */;
